address,apt,case,offense_code,offense,date_rept,date_occu,hour_occu,date_fnd,hour_fnd,lat,lon
5185 PONCE DE LEON BLVD,6 FLOOR,07010951,VAA,VANDALISM TO STRUCTURE,2007-12-02,2007-12-02,0316,2007-12-02,0316,25.7179231,-80.2737624
5185 PONCE DE LEON BLVD,6 FLOOR,07010951,ZOC,VANDALISM TO STRUCTURE,2007-12-02,2007-12-02,0316,2007-12-02,0316,25.7179231,-80.2737624
1231 THEO DICKINSON DR,,07010973,FDD,FD SICK INJURED PERSON,2007-12-03,2007-12-03,0238,2007-12-03,0238,25.7169005,-80.280238
1239 THEO DICKINSON DR,,07011039,FDD,FD SICK INJURED PERSON,2007-12-05,2007-12-05,0219,2007-12-05,0.096,25.715591,-80.2816
1231 THEO DICKINSON DR,PT 208,07011075,FDD,FD INJURED PERSON,2007-12-05,2007-12-05,2040,2007-12-05,2040,25.7169005,-80.280238
1239 THEO DICKINSON DR,,07011083,FDD,FD SICK INJURED PERSON,2007-12-06,2007-12-06,0630,2007-12-06,0630,25.715591,-80.2816
5400 PONCE DE LEON BLVD,BLK,07011134,ZOD,INCIDENT REPORT,2007-12-07,2007-12-07,0630,2007-12-07,0630,25.7137747,-80.27868440000002
5501 SAN AMARO DR,,07011150,VAB,VANDALISM TO VEHICLE,2007-12-07,2007-12-04,0800,2007-12-04,0800,25.7187893,-80.2803368
1101 STANFORD DR,,07011206,PRA,TRESPASSING,2007-12-09,2007-12-09,0420,2007-12-09,0420,25.7183323,-80.27499759999999
1101 STANFORD DR,,07011206,XOT,TRESPASSING,2007-12-09,2007-12-09,0420,2007-12-09,0420,25.7183323,-80.27499759999999
1365 MEMORIAL DR,,07011254,SCA,SIMPLE BATTERY,2007-12-10,2007-12-10,1815,2007-12-10,1815,25.7214386,-80.2799399
1365 MEMORIAL DR,,07011254,ZOE,SIMPLE BATTERY,2007-12-10,2007-12-10,1815,2007-12-10,1815,25.7214386,-80.2799399
1101 STANFORD DR,,07011256,THK,THEFT OTHER,2007-12-10,2007-12-07,0030,2007-12-10,0.020,25.7183323,-80.27499759999999
5665 PONCE DE LEON BLVD,,07011278,ZOE,SUSPICIOUS INCIDENT,2007-12-11,2007-12-10,2214,2007-12-11,2214,25.7127401,-80.2809083
1239 THEO DICKINSON DR,,07011294,ZOJ,BAKER MARCHMAN ACT,2007-12-12,2007-12-12,0720,2007-12-12,0719,25.715591,-80.2816
5185 PONCE DE LEON BLVD,,07011299,THB,THEFT OF AUTO PART ACCESSORY,2007-12-12,2007-12-11,2300,2007-12-12,2300,25.7179231,-80.2737624
5185 PONCE DE LEON BLVD,,07011299,VAB,THEFT OF AUTO PART ACCESSORY,2007-12-12,2007-12-11,2300,2007-12-12,2300,25.7179231,-80.2737624
1211 THEO DICKINSON DR,,07011319,FDC,FD OTHER FIRE,2007-12-12,2007-12-12,1945,2007-12-12,1945,25.716037,-80.27868200000002
5700 PONCE DE LEON BLVD,,08000640,THC,THEFT FROM MOTOR VEHICLE,2008-01-24,2007-12-09,1630,2007-12-09,1630,25.7122517,-80.2804582
5185 PONCE DE LEON BLVD,628,08000759,BUA,BURGLARY RESIDENTIAL,2008-01-28,2007-12-12,1900,2008-01-13,1900,25.7179231,-80.2737624
5185 PONCE DE LEON BLVD,628,08000759,THK,BURGLARY RESIDENTIAL,2008-01-28,2007-12-12,1900,2008-01-13,1900,25.7179231,-80.2737624
1231 THEO DICKINSON DR,,08003737,ZOE,SUSPICIOUS INCIDENT,2008-04-27,2008-04-27,0000,2008-04-27,0000,25.7169005,-80.280238
5185 PONCE DE LEON BLVD,,08003740,THF,THEFT FROM STRUCTURE WITH LEGAL ACCESS PUBLIC BUILDING,2008-04-27,2008-04-27,1400,2008-04-27,1400,25.7179231,-80.2737624
1210 STANFORD DR,,08003745,THF,THEFT FROM STRUCTURE WITH LEGAL ACCESS PUBLIC BUILDING,2008-04-27,2008-04-27,1900,2008-04-27,1900,25.7182056,-80.27484319999999
5100 PONCE DE LEON BLVD,,08003767,VEI,VEHICLE PARKING OFFENSE SCOFF LAW,2008-04-28,2008-04-28,1347,2008-04-28,1346,25.7175806,-80.2739931
5250 UNIVERSITY DR,,08003793,VEI,VEHICLE PARKING OFFENSE SCOFF LAW,2008-04-29,2008-04-29,0930,2008-04-29,0930,25.720281,-80.27595199999999
1365 MEMORIAL DRIVE,,08003795,VEI,VEHICLE PARKING OFFENSE SCOFF LAW,2008-04-29,2008-04-29,1127,2008-04-29,1127,25.7214386,-80.2799399
6501 SAN AMARO DR,,08003800,VEI,VEHICLE PARKING OFFENSE SCOFF LAW,2008-04-29,2008-04-29,1237,2008-04-29,1237,25.7112638,-80.28318089999999
5665 PONCE DE LEON BLVD,,08003823,THF,THEFT FROM STRUCTURE WITH LEGAL ACCESS PUBLIC BUILDING,2008-04-29,2008-04-29,2145,2008-04-29,2145,25.7127401,-80.2809083
1400 MILLER RD,,08003846,THF,THEFT FROM STRUCTURE WITH LEGAL ACCESS PUBLIC BUILDING,2008-04-30,2008-04-30,1630,2008-04-30,1630,25.7186448,-80.28320149999999
5250 UNIVERSITY DR,,08003863,VEI,VEHICLE PARKING OFFENSE SCOFF LAW,2008-05-01,2008-05-01,1035,2008-05-01,1035,25.720281,-80.27595199999999
5665 PONCE DE LEON BLVD,,08003887,THB,THEFT OF AUTO PART ACCESSORY,2008-05-01,2008-04-30,2000,2008-05-01,2000,25.7127401,-80.2809083
1211 THEO DICKINSON DR,,08003892,FDC,FD OTHER FIRE,2008-05-01,2008-05-01,2225,2008-05-01,2225,25.716037,-80.27868200000002
1101 STANFORD DR,,08003893,ZOA,TRESPASS WARNING,2008-05-02,2008-05-02,0135,2008-05-02,0.065,25.7183323,-80.27499759999999
1239 THEO DICKINSON DR,,08003927,ZZZ,VOID RECORDS USE ONLY,2008-05-03,2008-05-03,0755,2008-05-03,0754,25.715591,-80.2816
1239 THEO DICKINSON DR,W712,08003924,FDD,FD SICK INJURED PERSON,2008-05-03,2008-05-03,0005,2008-05-03,0.003,25.715591,-80.2816
5900 PONCE DE LEON BLVD,WT318,08003923,PRA,PROPERTY FOUND IMPOUNDED,2008-05-03,2008-05-02,1130,2008-05-02,1130,25.7083447,-80.28537709999999
1101 STANFORD DR,,08003919,THK,THEFT OTHER,2008-05-03,2008-05-02,2155,2008-05-02,2155,25.7183323,-80.27499759999999
5665 PONCE DE LEON BLVD,,08003928,THC,THEFT FROM MOTOR VEHICLE,2008-05-03,2008-05-02,2145,2008-05-03,2145,25.7127401,-80.2809083
1101 STANFORD DR,,08003930,FRD,FRAUD BY CREDIT CARD ATM,2008-05-03,2008-05-02,1910,2008-05-02,1910,25.7183323,-80.27499759999999
1101 STANFORD DR,,8003930,PRB,PROPERTY LOST,2008-05-03,2008-05-02,1910,2008-05-02,1910,25.7183323,-80.27499759999999
5700 PONCE DE LEON BLVD,,08003945,ZOE,SUSPICIOUS INCIDENT,2008-05-03,2008-05-03,2050,2008-05-03,2050,25.7122517,-80.2804582
1500 ALBENGA AV,,08003948,ZOD,INCIDENT REPORT,2008-05-04,2008-05-04,0400,2008-05-04,0400,25.7139677,-80.2833294
6201 SAN AMARO DR,,08003981,VEI,VEHICLE PARKING OFFENSE SCOFF LAW,2008-05-05,2008-05-05,1405,2008-05-05,1405,25.7133381,-80.2831612
1101 STANFORD DR,BLK,08003943,DRA,DRUG POSSESSION CONTROLLED SUBSTANCE,2008-05-05,2008-05-03,1923,2008-05-03,1923,25.7183323,-80.27499759999999
5700 PONCE DE LEON BLVD,BLK,08003943,ZOB,WARRANT ARREST,2008-05-05,2008-05-03,1923,2008-05-03,1923,25.7122517,-80.2804582
5501 SAN AMARO DR,,08003972,BUB,BURGLARY NON RESIDENTIAL,2008-05-05,2008-05-04,2330,2008-05-05,2330,25.7187893,-80.2803368
6201 SAN AMARO DR,,08003972,THK,THEFT OTHER,2008-05-05,2008-05-04,2330,2008-05-05,2330,25.7133381,-80.2831612
6201 SAN AMARO DR,,08003972,THM,THEFT FROM BURGLARY,2008-05-05,2008-05-04,2330,2008-05-05,2330,25.7133381,-80.2831612
1101 STANFORD DR,127,08004014,THF,THEFT FROM STRUCTURE WITH LEGAL ACCESS PUBLIC BUILDING,2008-05-06,2008-05-06,0830,2008-05-06,0830,25.7183323,-80.27499759999999
5616 GEORGE E MERRICK ST,22N,08004022,THM,THEFT FROM BURGLARY,2008-05-06,2008-05-06,0715,2008-05-06,0715,25.7163614,-80.2762681
5500 SAN AMARO DR,,08004041,VEI,VEHICLE PARKING OFFENSE SCOFF LAW,2008-05-07,2008-05-07,1015,2008-05-07,1015,25.7202428,-80.2810222
5616 GEORGE E MERRICK ST,BLK,08004040,ZOA,TRESPASS WARNING,2008-05-07,2008-05-07,1000,2008-05-07,1000,25.7163614,-80.2762681
1239 THEO DICKINSON DR,M526,08004072,VAC,VANDALISM TO PERSONAL PROPERTY,2008-05-08,2008-04-27,2300,2008-05-08,2300,25.715591,-80.2816
5665 PONCE DE LEON BLVD,,08004300,THC,THEFT FROM MOTOR VEHICLE,2008-05-16,2008-05-06,1200,2008-05-06,1200,25.7127401,-80.2809083
1101 STANFORD DR,,08004355,PRB,PROPERTY LOST,2008-05-18,2008-05-05,1600,2008-05-09,1600,25.7183323,-80.27499759999999
5100 BRUNSON DR,,08004515,BUA,BURGLARY RESIDENTIAL,2008-05-23,2008-05-03,0900,2008-05-03,0900,25.7224132,-80.27591269999999
6000 SAN AMARO DR,,08004515,THM,THEFT FROM BURGLARY,2008-05-23,2008-05-03,0900,2008-05-03,0900,25.712888,-80.283523
1231 THEO DICKINSON DR,,08010340,FDD,FD SICK INJURED PERSON,2008-12-06,2008-12-06,0227,2008-12-06,0227,25.7169005,-80.280238
1231 THEO DICKINSON DR,,08010340,ZOM,INTOXICATED PERSON,2008-12-06,2008-12-06,0227,2008-12-06,0227,25.7169005,-80.280238
1231 THEO DICKINSON DR,PT 1217,08010342,PRA,PROPERTY FOUND IMPOUNDED,2008-12-06,2008-12-06,0300,2008-12-06,0300,25.7169005,-80.280238
1231 THEO DICKINSON DR,PT807,08010343,PRA,PROPERTY FOUND IMPOUNDED,2008-12-06,2008-12-06,0245,2008-12-06,0245,25.7169005,-80.280238
1100 STANFORD DR,BLK,08010339,PRA,PROPERTY FOUND IMPOUNDED,2008-12-06,2008-12-06,0118,2008-12-06,0118,25.7176103,-80.2745494
1100 STANFORD DR,BLK,08010339,ZOA,TRESPASS WARNING,2008-12-06,2008-12-06,0118,2008-12-06,0118,25.7176103,-80.2745494
1231 THEO DICKINSON DR,,08010407,TVE,THEFT OF BICYCLE,2008-12-08,2008-12-08,0400,2008-12-08,0400,25.7169005,-80.280238
1231 THEO DICKINSON DR,,08010413,FDD,FD SICK INJURED PERSON,2008-12-08,2008-12-08,2005,2008-12-08,2005,25.7169005,-80.280238
1231 THEO DICKINSON DR,,08010413,ZOM,INTOXICATED PERSON,2008-12-08,2008-12-08,2005,2008-12-08,2005,25.7169005,-80.280238
1211 THEO DICKINSON DR,,08010455,VEI,VEHICLE PARKING OFFENSE SCOFF LAW,2008-12-10,2008-12-10,0938,2008-12-10,0938,25.716037,-80.27868200000002
5600 GEORGE E MERRICK ST,,08010459,VEI,VEHICLE PARKING OFFENSE SCOFF LAW,2008-12-10,2008-12-10,1025,2008-12-10,1025,25.7183404,-80.27676699999999
5100 BRUNSON DR,,08010472,FDD,FD SICK INJURED PERSON,2008-12-10,2008-12-10,1514,2008-12-10,1514,25.7224132,-80.27591269999999
1311 MILLER DR,,08010748,THF,THEFT FROM STRUCTURE WITH LEGAL ACCESS PUBLIC BUILDING,2008-12-20,2008-12-14,2000,2008-12-17,2000,25.720387,-80.279546
5185 PONCE DE LEON BLVD,,09000540,TVE,THEFT OF BICYCLE,2009-01-21,2008-12-11,1327,2009-01-20,1327,25.7179231,-80.2737624
1239 THEO DICKINSON DR,,09003467,FRG,FRAUD POSSESSION OF COUNTERFEIT,2009-05-02,2009-05-02,0410,2009-05-02,0410,25.715591,-80.2816
1239 THEO DICKINSON DR,,09003467,ZOM,INTOXICATED PERSON,2009-05-02,2009-05-02,0410,2009-05-02,0410,25.715591,-80.2816
1200 S DIXIE HWY,BLK,09003485,THF,THEFT FROM STRUCTURE WITH LEGAL ACCESS PUBLIC BUILDING,2009-05-03,2009-05-02,1200,2009-05-03,1200,25.7143667,-80.27578129999999
1531 LIGURIA AV,N,09003506,PRC,PROPERTY DAMAGED,2009-05-03,2009-05-03,2145,2009-05-03,2145,25.713555,-80.28445599999999
1531 LIGURIA AV,N,09003506,SCA,SIMPLE BATTERY,2009-05-03,2009-05-03,2145,2009-05-03,2145,25.713555,-80.28445599999999
1531 LIGURIA AV,N,09003506,ZOM,INTOXICATED PERSON,2009-05-03,2009-05-03,2145,2009-05-03,2145,25.713555,-80.28445599999999
1530 LIGURIA AV,,09003515,VEI,VEHICLE PARKING OFFENSE SCOFF LAW,2009-05-04,2009-05-04,0918,2009-05-04,0918,25.7132082,-80.2844442
1530 LIGURIA AV,,09003516,VEI,VEHICLE PARKING OFFENSE SCOFF LAW,2009-05-04,2009-05-04,0911,2009-05-04,0911,25.7132082,-80.2844442
5821 SAN AMARO DR,,09003521,VEI,VEHICLE PARKING OFFENSE SCOFF LAW,2009-05-05,2009-05-05,1020,2009-05-05,1020,25.714778,-80.28324909999999
1541 SAN AMARO DR,,09003552,VEI,VEHICLE PARKING OFFENSE SCOFF LAW,2009-05-05,2009-05-05,0850,2009-05-05,0850,25.7229037,-80.2809522
5600 PAVIA ST,,09003557,VEI,VEHICLE PARKING OFFENSE SCOFF LAW,2009-05-05,2009-05-05,1140,2009-05-05,1140,25.7181647,-80.2760863
1365 MEMORIAL DR,,09003549,TVE,THEFT OF BICYCLE,2009-05-05,2009-05-04,2200,2009-05-04,2200,25.7214386,-80.2799399
1251 MEMORIAL DR,,09003577,SCA,SIMPLE BATTERY,2009-05-05,2009-05-05,1925,2009-05-05,1925,25.7227309,-80.2787218
1300 STANFORD DR,,09003622,VEI,VEHICLE PARKING OFFENSE SCOFF LAW,2009-05-07,2009-05-07,1022,2009-05-07,1022,25.7190316,-80.2762626
5199 PONCE DE LEON BLVD/STANFORD DR,,09003653,DRA,DRUG POSSESSION CONTROLLED SUBSTANCE,2009-05-08,2009-05-08,0028,2009-05-08,0028,25.7186425,-80.27544449999999
5199 PONCE DE LEON BLVD/STANFORD DR,,09003653,VEC,VEHICLE TRAFFIC OFFENSE NON DUI,2009-05-08,2009-05-08,0028,2009-05-08,0028,25.7186425,-80.27544449999999
5199 PONCE DE LEON BLVD/STANFORD DR,,09003653,XOM,OBSTRUCTION OF JUSTICE RESIST ARREST ESCAPE,2009-05-08,2009-05-08,0028,2009-05-08,0028,25.7186425,-80.27544449999999
5638 GEORGE E MERRICK ST,23U,09003673,THF,THEFT FROM STRUCTURE WITH LEGAL ACCESS PUBLIC BUILDING,2009-05-08,2009-05-07,2130,2009-05-07,2130,25.7162931,-80.276198
5665 PONCE DE LEON BLVD,,09003706,ZOD,INCIDENT REPORT,2009-05-09,2009-05-09,1300,2009-05-09,1300,25.7127401,-80.2809083
5616 GEORGE E MERRICK ST,22K,09003717,DRA,DRUG POSSESSION CONTROLLED SUBSTANCE,2009-05-10,2009-05-10,0455,2009-05-10,0455,25.7163614,-80.2762681
5616 GEORGE E MERRICK ST,22K,09003717,FRB,FRAUD BY FALSE PRETENSE,2009-05-10,2009-05-10,0455,2009-05-10,0455,25.7163614,-80.2762681
5616 GEORGE E MERRICK ST,22K,09003717,PRA,PROPERTY FOUND IMPOUNDED,2009-05-10,2009-05-10,0455,2009-05-10,0455,25.7163614,-80.2762681
5600 SAN AMARO DR,,09003752,VEI,VEHICLE PARKING OFFENSE SCOFF LAW,2009-05-11,2009-05-11,1035,2009-05-11,1035,25.7175681,-80.2829003
1100 STANFORD DR,BLK,09003741,ZOM,INTOXICATED PERSON,2009-05-11,2009-05-11,0325,2009-05-11,0325,25.7176103,-80.2745494
5600 MERRICK ST,21R,09003768,ZOJ,BAKER MARCHMAN ACT,2009-05-11,2009-05-11,1524,2009-05-11,1524,25.7183404,-80.27676699999999
5821 SAN AMARO DR,,09003773,ZOA,TRESPASS WARNING,2009-05-11,2009-05-11,1805,2009-05-11,1805,25.714778,-80.28324909999999
5665 PONCE DE LEON BLVD,,09003798,SCA,SIMPLE BATTERY,2009-05-12,2009-05-12,1440,2009-05-12,1440,25.7127401,-80.2809083
5665 PONCE DE LEON BLVD,,09003798,XOT,TRESPASSING,2009-05-12,2009-05-12,1440,2009-05-12,1440,25.7127401,-80.2809083
1300 CAMPO SANO AV,,09003813,FDC,FD OTHER FIRE,2009-05-12,2009-05-12,2235,2009-05-12,2235,25.7241863,-80.2785796
1311 MEMORIAL DR,,09003829,VEI,VEHICLE PARKING OFFENSE SCOFF LAW,2009-05-13,2009-05-13,1300,2009-05-13,1300,25.721411,-80.279352
6000 SAN AMARO DR,,09003816,ZOD,INCIDENT REPORT,2009-05-13,2009-05-13,0125,2009-05-13,0125,25.712888,-80.283523
1231 THEO DICKINSON DR,PT306,09003851,BUA,BURGLARY RESIDENTIAL,2009-05-13,2009-05-13,1700,2009-05-13,1700,25.7169005,-80.280238
1231 THEO DICKINSON DR,PT306,09003851,THM,THEFT FROM BURGLARY,2009-05-13,2009-05-13,1700,2009-05-13,1700,25.7169005,-80.280238
1239 THEO DICKINSON DR,,09003857,PRA,PROPERTY FOUND IMPOUNDED,2009-05-13,2009-05-13,2230,2009-05-13,2230,25.715591,-80.2816
1211 THEO DICKINSON DR,,09004276,TVE,THEFT OF BICYCLE,2009-05-28,2009-05-07,0800,2009-05-28,0800,25.716037,-80.27868200000002
1200 THEO DICKINSON DR,BLK,09009775,ZOA,TRESPASS WARNING,2009-12-05,2009-12-05,0058,2009-12-05,0058,25.7175523,-80.27766249999999
1101 STANFORD DR,,09009778,FDD,FD SICK INJURED PERSON,2009-12-05,2009-12-05,0545,2009-12-05,0545,25.7183323,-80.27499759999999
1101 STANFORD DR,,09009778,ZOM,INTOXICATED PERSON,2009-12-05,2009-12-05,0545,2009-12-05,0545,25.7183323,-80.27499759999999
1211 THEO DICKINSON DR,407,09009779,DRA,DRUG POSSESSION CONTROLLED SUBSTANCE,2009-12-05,2009-12-05,0645,2009-12-05,0645,25.716037,-80.27868200000002
1211 THEO DICKINSON DR,407,09009779,ZOA,TRESPASS WARNING,2009-12-05,2009-12-05,0645,2009-12-05,0645,25.716037,-80.27868200000002
1231 THEO DICKINSON DR,,09009807,FDD,FD SICK INJURED PERSON,2009-12-06,2009-12-06,0300,2009-12-06,0300,25.7169005,-80.280238
1231 THEO DICKINSON DR,,09009807,ZOM,INTOXICATED PERSON,2009-12-06,2009-12-06,0300,2009-12-06,0300,25.7169005,-80.280238
5185 PONCE DE LEON BLVD,P 326,09009801,DRA,DRUG POSSESSION CONTROLLED SUBSTANCE,2009-12-06,2009-12-05,2200,2009-12-05,2200,25.7179231,-80.2737624
5185 PONCE DE LEON BLVD,P 326,09009801,DRF,DRUG POSSESSION OF PARAPHERNALIA EQUIPMENT,2009-12-06,2009-12-05,2200,2009-12-05,2200,25.7179231,-80.2737624
5185 PONCE DE LEON BLVD,P 326,09009801,PRA,PROPERTY FOUND IMPOUNDED,2009-12-06,2009-12-05,2200,2009-12-05,2200,25.7179231,-80.2737624
1321 NW 21 ST,,09009808,DRA,DRUG POSSESSION CONTROLLED SUBSTANCE,2009-12-06,2009-12-06,0612,2009-12-06,0612,25.7958831,-80.21774979999999
1321 NW 21 ST,,09009808,DRH,DRUG OTHER VIOLATION,2009-12-06,2009-12-06,0612,2009-12-06,0612,25.7958831,-80.21774979999999
1101 STANFORD DR,521,09009816,ZOD,INCIDENT REPORT,2009-12-06,2009-12-06,0240,2009-12-06,0240,25.7183323,-80.27499759999999
1211 THEO DICKINSON DR,,09009887,VEI,VEHICLE PARKING OFFENSE SCOFF LAW,2009-12-09,2009-12-09,0935,2009-12-09,0935,25.716037,-80.27868200000002
5185 PONCE DE LEON BLVD,P 605,09009915,PRA,PROPERTY FOUND IMPOUNDED,2009-12-09,2009-12-09,2228,2009-12-09,2228,25.7179231,-80.2737624
5299 PISANO AV/CAMPO SANO AV,,09009943,VEI,VEHICLE PARKING OFFENSE SCOFF LAW,2009-12-10,2009-12-10,1451,2009-12-10,1451,25.724342,-80.2768959
1239 THEO DICKINSON DR,WT 1215,09009916,FDD,FD SICK INJURED PERSON,2009-12-10,2009-12-09,2300,2009-12-10,2300,25.715591,-80.2816
5500 SAN AMARO DR,BLK,09009948,THK,THEFT OTHER,2009-12-10,2009-12-09,1830,2009-12-09,1830,25.7202428,-80.2810222
1239 THEO DICKINSON DR,,09009952,THF,THEFT FROM STRUCTURE WITH LEGAL ACCESS PUBLIC BUILDING,2009-12-10,2009-12-09,2105,2009-12-09,2105,25.715591,-80.2816
1100 STANFORD DR,BLK,09009965,FDD,FD SICK INJURED PERSON,2009-12-11,2009-12-11,0258,2009-12-11,0258,25.7176103,-80.2745494
1100 STANFORD DR,BLK,09009965,PRA,PROPERTY FOUND IMPOUNDED,2009-12-11,2009-12-11,0258,2009-12-11,0258,25.7176103,-80.2745494
1100 STANFORD DR,BLK,09009965,ZOM,INTOXICATED PERSON,2009-12-11,2009-12-11,0258,2009-12-11,0258,25.7176103,-80.2745494
5665 PONCE DE LEON BLVD,,09009969,FRL,FRAUD OTHER JURISDICTION,2009-12-11,2009-12-09,0700,2009-12-10,0700,25.7127401,-80.2809083
1231 THEO DICKINSON DR,PT 1105,09009994,ZOM,INTOXICATED PERSON,2009-12-11,2009-12-11,1900,2009-12-11,1900,25.7169005,-80.280238
1231 THEO DICKINSON DR,,09010003,ZOM,INTOXICATED PERSON,2009-12-12,2009-12-12,0105,2009-12-12,0105,25.7169005,-80.280238
1231 THEO DICKINSON DR,,09010021,FDD,FD SICK INJURED PERSON,2009-12-12,2009-12-12,2100,2009-12-12,2100,25.7169005,-80.280238
1231 THEO DICKINSON DR,,09010021,ZOM,INTOXICATED PERSON,2009-12-12,2009-12-12,2100,2009-12-12,2100,25.7169005,-80.280238
1500 BRESCIA AV,BLK,09010089,DIB,DISTURBANCE OTHER,2009-12-15,2009-12-15,0118,2009-12-15,0118,25.711436,-80.285039
1211 THEO DICKINSON DR,,10003566,ZOE,SUSPICIOUS INCIDENT,2010-05-01,2010-05-01,1417,2010-05-01,1417,25.716037,-80.27868200000002
1100 BLK LEVANTE AVE,,10003577,FDD,FD SICK INJURED PERSON,2010-05-01,2010-05-01,2100,2010-05-01,2100,25.7181158,-80.2747236
1100 BLK LEVANTE AVE,,10003577,ZOM,INTOXICATED PERSON,2010-05-01,2010-05-01,2100,2010-05-01,2100,25.7181158,-80.2747236
1239 THEO DICKINSON DR,,10003578,DIA,DISTURBANCE DOMESTIC,2010-05-02,2010-05-02,0200,2010-05-02,0200,25.715591,-80.2816
1239 THEO DICKINSON DR,,10003578,FDD,FD SICK INJURED PERSON,2010-05-02,2010-05-02,0200,2010-05-02,0200,25.715591,-80.2816
6299 SAN AMARO DR,,10003581,PRA,PROPERTY FOUND IMPOUNDED,2010-05-02,2010-05-02,1030,2010-05-02,1030,25.7112023,-80.2826903
1101 STANFORD DR,3 FLOOR,10003619,VAC,VANDALISM TO PROPERTY,2010-05-04,2010-05-04,0330,2010-05-04,0330,25.7183323,-80.27499759999999
5665 PONCE DE LEON BLVD,,10003688,ZOE,SUSPICIOUS INCIDENT,2010-05-06,2010-05-06,1220,2010-05-06,1220,25.7127401,-80.2809083
1231 THEO DICKINSON DR,PT511,10003718,FDD,FD SICK INJURED PERSON,2010-05-07,2010-05-07,1500,2010-05-07,1500,25.7169005,-80.280238
1500 LEVANTE AV,,10003743,FDD,FD SICK INJURED PERSON,2010-05-08,2010-05-08,0223,2010-05-08,0223,25.7112271,-80.2832435
1500 LEVANTE AV,,10003743,ZOM,INTOXICATED PERSON,2010-05-08,2010-05-08,0223,2010-05-08,0223,25.7112271,-80.2832435
5638 GEORGE E MERRICK ST,23T,10003747,BUA,BURGLARY RESIDENTIAL,2010-05-08,2010-05-08,0330,2010-05-08,0330,25.7162931,-80.276198
5638 GEORGE E MERRICK ST,23T,10003747,THM,THEFT FROM BURGLARY,2010-05-08,2010-05-08,0330,2010-05-08,0330,25.7162931,-80.276198
5501 SAN AMARO DR,,10003751,VAB,VANDALISM TO VEHICLE,2010-05-08,2010-05-08,0910,2010-05-08,0910,25.7187893,-80.2803368
1585 LIGURIA AV,B208,10003767,ASA,ASSIST LAW AGENCY,2010-05-08,2010-05-08,2205,2010-05-08,2205,25.7131891,-80.2854831
5200 PONCE DE LEON BLVD,BLK,10003766,FDD,FD SICK INJURED PERSON,2010-05-09,2010-05-08,2228,2010-05-08,2228,25.717349,-80.27411810000001
1211 THEO DICKINSON DR,,10003777,FDD,FD SICK INJURED PERSON,2010-05-09,2010-05-09,1215,2010-05-09,1215,25.716037,-80.27868200000002
1231 THEO DICKINSON DR,,10003779,TVE,THEFT OF BICYCLE,2010-05-09,2010-05-09,1730,2010-05-09,1730,25.7169005,-80.280238
1231 THEO DICKINSON DR,,10003779,ZOA,TRESPASS WARNING,2010-05-09,2010-05-09,1730,2010-05-09,1730,25.7169005,-80.280238
1231 THEO DICKINSON DR,,10003818,FDD,FD SICK INJURED PERSON,2010-05-11,2010-05-11,0100,2010-05-11,0100,25.7169005,-80.280238
1231 THEO DICKINSON DR,,10003818,ZOM,INTOXICATED PERSON,2010-05-11,2010-05-11,0100,2010-05-11,0100,25.7169005,-80.280238
5185 PONCE DE LEON BLVD,,10003825,TVD,THEFT OF MOTORCYCLE,2010-05-11,2010-05-10,2355,2010-05-11,2355,25.7179231,-80.2737624
1239 THEO DICKINSON DR,,10003829,ZOA,TRESPASS WARNING,2010-05-11,2010-05-11,1456,2010-05-11,1456,25.715591,-80.2816
1350 MILLER DR,121,10003843,ZOE,SUSPICIOUS INCIDENT,2010-05-11,2010-05-11,1641,2010-05-11,1641,25.720147,-80.279648
1211 THEO DICKINSON DR,,10003847,VAA,VANDALISM TO STRUCTURE,2010-05-11,2010-05-11,1807,2010-05-11,1807,25.716037,-80.27868200000002
5638 GEORGE E MERRICK ST,,10003878,ZOA,TRESPASS WARNING,2010-05-12,2010-05-12,1730,2010-05-12,1730,25.7162931,-80.276198
1231 THEO DICKINSON DR,MT 109,10003881,BUA,BURGLARY RESIDENTIAL,2010-05-12,2010-05-12,1130,2010-05-12,1130,25.7169005,-80.280238
1231 THEO DICKINSON DR,MT 109,10003881,THM,THEFT FROM BURGLARY,2010-05-12,2010-05-12,1130,2010-05-12,1130,25.7169005,-80.280238
1231 THEO DICKINSON DR,,10003883,PRA,PROPERTY FOUND IMPOUNDED,2010-05-12,2010-05-12,2036,2010-05-12,2036,25.7169005,-80.280238
1231 THEO DICKINSON DR,PT621,10003901,BUA,BURGLARY RESIDENTIAL,2010-05-13,2010-05-12,2000,2010-05-13,2000,25.7169005,-80.280238
1231 THEO DICKINSON DR,PT621,10003901,THM,THEFT FROM BURGLARY,2010-05-13,2010-05-12,2000,2010-05-13,2000,25.7169005,-80.280238
1200 DICKINSON DR,,11003371,VEI,VEHICLE PARKING OFFENSE SCOFF LAW,2011-04-30,2011-04-30,0000,2011-04-30,0000,25.7175523,-80.27766249999999
1239 DICKINSON DR,RT208,11003512,PRA,PROPERTY FOUND IMPOUNDED,2011-05-05,2011-05-05,0100,2011-05-05,0100,25.715591,-80.2816
5199 PONCE DE LEON BLVD/STANFORD DR,,11003635,VEL,VEHICLE TRAFFIC CRASH,2011-05-09,2011-05-09,0000,2011-05-09,0000,25.7186425,-80.27544449999999
1300 STANFORD DR,BLK,11003674,VEI,VEHICLE PARKING OFFENSE SCOFF LAW,2011-05-10,2011-05-10,0000,2011-05-10,0000,25.7190316,-80.2762626
1231 DICKINSON DR,MT818,11009472,PRA,PROPERTY FOUND IMPOUNDED,2011-12-03,2011-12-03,0315,2011-12-03,0320,25.7169005,-80.280238
1101 STANFORD DR,,11009474,ZOJ,BAKER MARCHMAN ACT,2011-12-03,2011-12-03,0548,2011-12-03,0548,25.7183323,-80.27499759999999
1520 LIGURIA AV,,11009486,DIB,DISTURBANCE OTHER,2011-12-03,2011-12-03,1600,2011-12-03,1600,25.712868,-80.283981
1211 DICKINSON DR,207,11009495,PRA,PROPERTY FOUND IMPOUNDED,2011-12-03,2011-12-03,2200,2011-12-03,2215,25.716037,-80.27868200000002
5185 PONCE DE LEON BLVD,,11009500,FDD,FD SICK INJURED PERSON,2011-12-04,2011-12-04,2200,2011-12-04,0300,25.7179231,-80.2737624
5185 PONCE DE LEON BLVD,,11009500,ZOM,INTOXICATED PERSON,2011-12-04,2011-12-04,2200,2011-12-04,0300,25.7179231,-80.2737624
1231 DICKINSON DR,,11009520,PRA,PROPERTY FOUND IMPOUNDED,2011-12-04,2011-12-04,1945,2011-12-04,1945,25.7169005,-80.280238
1239 DICKINSON DR,,11009529,PRA,PROPERTY FOUND IMPOUNDED,2011-12-05,2011-12-05,0900,2011-12-05,1025,25.715591,-80.2816
1239 DICKINSON DR,W211,11009554,FDD,FD SICK INJURED PERSON,2011-12-05,2011-12-05,1810,2011-12-05,1810,25.715591,-80.2816
5700 PONCE DE LEON BLVD,BLK,11009559,VAA,VANDALISM TO STRUCTURE,2011-12-06,2011-12-06,2100,2011-12-06,0149,25.7122517,-80.2804582
5099 PISANO AV/UNIVERSITY DR,,11009571,VEL,VEHICLE TRAFFIC CRASH,2011-12-06,2011-12-06,0000,2011-12-06,0000,25.7358706,-80.2691689
1300 CAMPO SANO AV,BLK,11009587,VEL,VEHICLE TRAFFIC CRASH,2011-12-06,2011-12-06,0000,2011-12-06,0000,25.7241863,-80.2785796
5600 PONCE DE LEON BLVD,BLK,11009606,STA,STOLEN PROPERTY POSSESSION,2011-12-07,2011-12-07,1023,2011-12-07,1023,25.713698,-80.278328
5600 PONCE DE LEON BLVD,BLK,11009606,THC,THEFT FROM MOTOR VEHICLE,2011-12-07,2011-12-07,1023,2011-12-07,1023,25.713698,-80.278328
5600 PONCE DE LEON BLVD,BLK,11009606,THB,THEFT OF AUTO PART ACCESSORY,2011-12-07,2011-12-07,1023,2011-12-07,1023,25.713698,-80.278328
5600 PONCE DE LEON BLVD,BLK,11009606,ZOA,TRESPASS WARNING,2011-12-07,2011-12-07,1023,2011-12-07,1023,25.713698,-80.278328
1101 STANFORD DR,644,11009613,THF,THEFT FROM STRUCTURE WITH LEGAL ACCESS PUBLIC BUILDING,2011-12-07,2011-12-07,1400,2011-12-05,1430,25.7183323,-80.27499759999999
1211 DICKINSON DR,,11009621,ZOJ,BAKER MARCHMAN ACT,2011-12-07,2011-12-07,1640,2011-12-07,1640,25.716037,-80.27868200000002
5300 CARILLO ST,,11009643,VEL,VEHICLE TRAFFIC CRASH,2011-12-08,2011-12-08,0000,2011-12-08,0000,25.7211886,-80.2739217
6499 RED RD/LEVANTE AV,,11009652,VEL,VEHICLE TRAFFIC CRASH,2011-12-08,2011-12-08,0000,2011-12-08,0000,25.7103943,-80.2842866
6100 SAN AMARO DR,,11009660,ZZZ,VOID RECORDS USE ONLY,2011-12-08,2011-12-08,0000,2011-12-08,0000,25.712174,-80.28349399999999
1100 STANFORD DR,BLK,11009672,DCC,DISORDERLY INTOXICATION,2011-12-09,2011-12-09,0145,2011-12-09,0155,25.7176103,-80.2745494
1100 STANFORD DR,BLK,11009672,XOM,OBSTRUCTION OF JUSTICE RESIST ARREST ESCAPE,2011-12-09,2011-12-09,0145,2011-12-09,0155,25.7176103,-80.2745494
1100 STANFORD DR,BLK,11009672,PRA,PROPERTY FOUND IMPOUNDED,2011-12-09,2011-12-09,0145,2011-12-09,0155,25.7176103,-80.2745494
1100 STANFORD DR,BLK,11009672,SCA,SIMPLE BATTERY,2011-12-09,2011-12-09,0145,2011-12-09,0155,25.7176103,-80.2745494
5821 SAN AMARO DR,,11009683,VEI,VEHICLE PARKING OFFENSE SCOFF LAW,2011-12-09,2011-12-09,0000,2011-12-09,0000,25.714778,-80.28324909999999
1300 STANFORD DR,BLK,11009698,VEI,VEHICLE PARKING OFFENSE SCOFF LAW,2011-12-09,2011-12-09,0000,2011-12-09,0000,25.7190316,-80.2762626
1200 DICKINSON DR,BLK,11009746,SCA,SIMPLE BATTERY,2011-12-11,2011-12-11,0430,2011-12-11,0500,25.7175523,-80.27766249999999
1500 DELGADO AV/SAN AMARO DR,,11009765,VEL,VEHICLE TRAFFIC CRASH,2011-12-11,2011-12-11,0000,2011-12-11,0000,25.7229037,-80.2809522
5501 SAN AMARO DR,,11009801,PRB,PROPERTY LOST,2011-12-12,2011-12-12,1600,2011-12-05,1300,25.7187893,-80.2803368
1251 MEMORIAL DR,,11009814,FDD,FD SICK INJURED PERSON,2011-12-13,2011-12-13,0525,2011-12-13,0620,25.7227309,-80.2787218
1500 LIGURIA AV,BLK,11009823,DRF,DRUG POSSESSION OF PARAPHERNALIA EQUIPMENT,2011-12-13,2011-12-13,1111,2011-12-13,1118,25.7132509,-80.283305
1200 STANFORD DR,BLK,12003516,VEI,VEHICLE PARKING OFFENSE SCOFF LAW,2012-05-01,2012-05-01,0000,2012-05-01,0000,25.7181127,-80.27525659999999
5185 PONCE DE LEON BLVD,,12009650,ASA,ASSIST LAW AGENCY,2012-12-05,2012-12-05,2058,2012-12-05,2235,25.7179231,-80.2737624
5665 PONCE DE LEON BLVD,,12009764,ASA,ASSIST LAW AGENCY,2012-12-10,2012-12-09,0129,2012-12-09,0129,25.7127401,-80.2809083
5250 UNIVERSITY DR,,12009598,DIB,DISTURBANCE OTHER,2012-12-04,2012-12-04,1030,2012-12-04,1514,25.720281,-80.27595199999999
1251 MEMORIAL DR,108,12009601,FDC,FD OTHER FIRE,2012-12-04,2012-12-04,1545,2012-12-04,1555,25.7227309,-80.2787218
1231 DICKINSON DR,,12009652,FDD,FD SICK INJURED PERSON,2012-12-06,2012-12-06,0634,2012-12-06,0635,25.7169005,-80.280238
1231 DICKINSON DR,,12009787,FDD,FD SICK INJURED PERSON,2012-12-10,2012-12-10,2018,2012-12-10,2018,25.7169005,-80.280238
1101 STANFORD DR,331,12009863,FRL,FRAUD OTHER JURISDICTION,2012-12-13,2012-12-06,0000,2012-12-12,2200,25.7183323,-80.27499759999999
5501 SAN AMARO DR,,12009752,PRA,PROPERTY FOUND IMPOUNDED,2012-12-09,2012-12-09,1500,2012-12-09,2210,25.7187893,-80.2803368
1311 MILLER DR,,12009754,PRA,PROPERTY FOUND IMPOUNDED,2012-12-09,2012-12-09,2320,2012-12-09,2320,25.720387,-80.279546
1101 STANFORD DR,702,12009645,THM,THEFT FROM BURGLARY,2012-12-05,2012-12-04,1930,2012-12-04,2100,25.7183323,-80.27499759999999
5185 PONCE DE LEON BLVD,646,12009646,THM,THEFT FROM BURGLARY,2012-12-05,2012-12-04,0200,2012-12-04,2100,25.7179231,-80.2737624
5501 SAN AMARO DR,,12009752,VAB,VANDALISM TO VEHICLE,2012-12-09,2012-12-09,1500,2012-12-09,2210,25.7187893,-80.2803368
1311 MILLER DR,,12009631,VEI,VEHICLE PARKING OFFENSE SCOFF LAW,2012-12-05,2012-12-05,0000,2012-12-05,0000,25.720387,-80.279546
1300 CAMPO SANO AV,BLK,12009721,VEL,VEHICLE TRAFFIC CRASH,2012-12-08,2012-12-08,0000,2012-12-08,0000,25.7241863,-80.2785796
5399 PONCE DE LEON BLVD/DICKINSON DR,,12009794,VEL,VEHICLE TRAFFIC CRASH,2012-12-11,2012-12-11,0000,2012-12-11,0000,25.7153261,-80.2803015
5185 PONCE DE LEON BLVD,646,12009646,XOM,OBSTRUCTION OF JUSTICE RESIST ARREST ESCAPE,2012-12-05,2012-12-04,0200,2012-12-04,2100,25.7179231,-80.2737624
5185 PONCE DE LEON BLVD,646,12009646,ZOA,TRESPASS WARNING,2012-12-05,2012-12-04,0200,2012-12-04,2100,25.7179231,-80.2737624
1241 DICKINSON DR,,12009572,ZOD,INCIDENT REPORT,2012-12-03,2012-12-03,1412,2012-12-03,1512,25.7151881,-80.2802987
1211 DICKINSON DR,,12009619,ZOM,INTOXICATED PERSON,2012-12-05,2012-12-05,0220,2012-12-05,0221,25.716037,-80.27868200000002
5185 PONCE DE LEON BLVD,,13003254,SCA,SIMPLE BATTERY,2013-04-28,2013-04-28,0020,2013-04-28,0100,25.7179231,-80.2737624
1239 DICKINSON DR,R310,13003266,PRA,PROPERTY FOUND IMPOUNDED,2013-04-28,2013-04-28,2230,2013-04-28,2230,25.715591,-80.2816
1239 DICKINSON DR,R310,13003266,ZOQ,ULEAD,2013-04-28,2013-04-28,2230,2013-04-28,2230,25.715591,-80.2816
1500 CORNICHE AV,BLK,13003267,ROA,ROBBERY ARMED,2013-04-28,2013-04-28,2244,2013-04-28,2244,25.714693,-80.28322659999999
1239 DICKINSON DR,R1207,13003289,PRA,PROPERTY FOUND IMPOUNDED,2013-04-29,2013-04-29,2230,2013-04-29,2230,25.715591,-80.2816
1239 DICKINSON DR,R1207,13003289,ZOQ,ULEAD,2013-04-29,2013-04-29,2230,2013-04-29,2230,25.715591,-80.2816
1500 LEVANTE AV,BLK,13003310,VEL,VEHICLE TRAFFIC CRASH,2013-04-30,2013-04-30,1538,2013-04-30,1538,25.7112271,-80.2832435
STANFORD DR/PONCE DE LEON BLVD,,13003320,VEL,VEHICLE TRAFFIC CRASH,2013-04-30,2013-04-30,2210,2013-04-30,2210,25.72149,-80.2683838
1530 LIGURIA AV,,13003322,ZOD,INCIDENT REPORT,2013-05-01,2013-05-01,0021,2013-05-01,0021,25.7132082,-80.2844442
PONCE DE LEON BLVD/DICKINSON DR,,13003350,VEL,VEHICLE TRAFFIC CRASH,2013-05-01,2013-05-01,1756,2013-05-01,1756,25.7153261,-80.2803015
1239 DICKINSON DR,BLK,13003356,XOT,TRESPASSING,2013-05-03,2013-05-02,0817,2013-05-02,0817,25.715591,-80.2816
5185 PONCE DE LEON BLVD,532,13003384,FDD,FD SICK INJURED PERSON,2013-05-03,2013-05-03,0130,2013-05-03,0200,25.7179231,-80.2737624
5185 PONCE DE LEON BLVD,532,13003384,ZOM,INTOXICATED PERSON,2013-05-03,2013-05-03,0130,2013-05-03,0200,25.7179231,-80.2737624
5800 SAN AMARO DR,BLK,13003416,ZOJ,BAKER MARCHMAN ACT,2013-05-04,2013-05-04,0400,2013-05-04,0401,25.7150399,-80.283608
1239 DICKINSON DR,RT 3 FL,13003421,VAA,VANDALISM TO STRUCTURE,2013-05-04,2013-05-04,0430,2013-05-04,1230,25.715591,-80.2816
1231 DICKINSON DR,,13003435,VEL,VEHICLE TRAFFIC CRASH,2013-05-04,2013-05-04,2128,2013-05-04,2128,25.7169005,-80.280238
1101 STANFORD DR,,13003439,FDD,FD SICK INJURED PERSON,2013-05-05,2013-05-04,2300,2013-05-05,0130,25.7183323,-80.27499759999999
1101 STANFORD DR,,13003439,ZOM,INTOXICATED PERSON,2013-05-05,2013-05-04,2300,2013-05-05,0130,25.7183323,-80.27499759999999
1231 DICKINSON DR,,13003440,PRA,PROPERTY FOUND IMPOUNDED,2013-05-05,2013-05-05,0228,2013-05-05,0228,25.7169005,-80.280238
1231 DICKINSON DR,,13003440,ZOQ,ULEAD,2013-05-05,2013-05-05,0228,2013-05-05,0228,25.7169005,-80.280238
1231 DICKINSON DR,,13003441,DCA,DISORDERLY CONDUCT FIGHTING,2013-05-05,2013-05-05,0428,2013-05-05,0428,25.7169005,-80.280238
1231 DICKINSON DR,,13003441,FRG,FRAUD POSSESSION OF COUNTERFEIT,2013-05-05,2013-05-05,0428,2013-05-05,0428,25.7169005,-80.280238
1231 DICKINSON DR,,13003441,PRA,PROPERTY FOUND IMPOUNDED,2013-05-05,2013-05-05,0428,2013-05-05,0428,25.7169005,-80.280238
1231 DICKINSON DR,,13003441,XOM,OBSTRUCTION OF JUSTICE RESIST ARREST ESCAPE,2013-05-05,2013-05-05,0428,2013-05-05,0428,25.7169005,-80.280238
1231 DICKINSON DR,,13003441,ZOM,INTOXICATED PERSON,2013-05-05,2013-05-05,0428,2013-05-05,0428,25.7169005,-80.280238
1231 DICKINSON DR,,13003446,THF,THEFT FROM STRUCTURE WITH LEGAL ACCESS PUBLIC BUILDING,2013-05-05,2013-05-05,0330,2013-05-05,0430,25.7169005,-80.280238
STANFORD DR/PONCE DE LEON BLVD,,13003462,VEL,VEHICLE TRAFFIC CRASH,2013-05-05,2013-05-05,2114,2013-05-05,2114,25.72149,-80.2683838
1231 DICKINSON DR,PT2FL,13003490,THF,THEFT FROM STRUCTURE WITH LEGAL ACCESS PUBLIC BUILDING,2013-05-06,2013-05-06,0500,2013-05-06,1515,25.7169005,-80.280238
1239 DICKINSON DR,,13003512,PRB,PROPERTY LOST,2013-05-07,2013-05-02,1300,2013-05-02,1315,25.715591,-80.2816
1200 WALSH AV,BLK,13003516,VEB,VEHICLE HIT RUN,2013-05-07,2013-05-07,1215,2013-05-07,1452,25.7164631,-80.2769442
5500 SAN AMARO DR,BLK,13009337,FDD,FD SICK INJURED PERSON,2013-12-14,2013-12-14,0200,2013-12-14,0210,25.7202428,-80.2810222
1200 MEMORIAL DR,,13009438,FRD,FRAUD BY CREDIT CARD ATM,2013-12-17,2013-12-12,0400,2013-12-12,0700,25.721586,-80.2790782
1500 ALBENGA AV,,13009220,PRA,PROPERTY FOUND IMPOUNDED,2013-12-10,2013-12-10,0035,2013-12-10,0035,25.7139677,-80.2833294
1200 MEMORIAL DR,,13009438,PRA,PROPERTY FOUND IMPOUNDED,2013-12-17,2013-12-12,0400,2013-12-12,0700,25.721586,-80.2790782
1251 MEMORIAL DR,,13009265,PRB,PROPERTY LOST,2013-12-11,2013-12-11,1800,2013-12-11,1900,25.7227309,-80.2787218
1239 DICKINSON DR,,13009352,PRB,PROPERTY LOST,2013-12-14,2013-12-13,1700,2013-12-13,1730,25.715591,-80.2816
PONCE DE LEON BLVD/SAN AMARO DR,,13009172,VEB,VEHICLE HIT RUN,2013-12-07,2013-12-07,2029,2013-12-07,2029,25.7229037,-80.2809522
PONCE DE LEON BLVD/STANFORD DR,,13009396,VEL,VEHICLE TRAFFIC CRASH,2013-12-16,2013-12-16,1604,2013-12-16,1604,25.7186425,-80.27544449999999
5000 BRUNSON DR,,13009410,VEL,VEHICLE TRAFFIC CRASH,2013-12-16,2013-12-16,2230,2013-12-16,2230,25.7233487,-80.2760784
DICKINSON DR/PONCE DE LEON BLVD,,13009449,VEL,VEHICLE TRAFFIC CRASH,2013-12-18,2013-12-18,0830,2013-12-18,0830,25.72149,-80.2683838
1239 DICKINSON DR,,13009272,ZOD,INCIDENT REPORT,2013-12-12,2013-12-12,0910,2013-12-12,0915,25.715591,-80.2816
5500 SAN AMARO DR,BLK,13009337,ZOM,INTOXICATED PERSON,2013-12-14,2013-12-14,0200,2013-12-14,0210,25.7202428,-80.2810222
5030 BRUNSON DR,,11003413,VEI,VEHICLE PARKING OFFENSE SCOFF LAW,2011-05-02,2011-05-02,0000,2011-05-02,0000,25.722812801803922,-80.27678890253769
1301 STANFORD DR,,11003432,VEI,VEHICLE PARKING OFFENSE SCOFF LAW,2011-05-02,2011-05-02,0000,2011-05-02,0000,25.71936447746063,-80.2755593642569
1244 STANFORD DR,,11003434,ZZZ,VOID RECORDS USE ONLY,2011-05-02,2011-05-02,0000,2011-05-02,0000,25.71971123039194,-80.27447609753149
1244 STANFORD DR,,11003450,VEI,VEHICLE PARKING OFFENSE SCOFF LAW,2011-05-03,2011-05-03,0000,2011-05-03,0000,25.71971123039194,-80.27447609753149
5615 PAVIA ST,,11003454,VEI,VEHICLE PARKING OFFENSE SCOFF LAW,2011-05-03,2011-05-03,0000,2011-05-03,0000,25.71778509367132,-80.27612002050361
1300 MEMORIAL DR,,11003703,VEI,VEHICLE PARKING OFFENSE SCOFF LAW,2011-05-11,2011-05-11,0000,2011-05-11,0000,25.721196266912003,-80.27868281840205
1300 MEMORIAL DR,BLK,11009470,FDD,FD SICK INJURED PERSON,2011-12-03,2011-12-03,0145,2011-12-03,0150,25.721196266912003,-80.27868281840205
1300 MEMORIAL DR,,11009615,PRB,PROPERTY LOST,2011-12-07,2011-12-07,1250,2011-12-07,1410,25.721196266912003,-80.27868281840205
1300 MEMORIAL DR,,11009648,VEI,VEHICLE PARKING OFFENSE SCOFF LAW,2011-12-08,2011-12-08,0000,2011-12-08,0000,25.721196266912003,-80.27868281840205
5225 PONCE DE LEON BLVD,,11009689,TVE,THEFT OF BICYCLE,2011-12-09,2011-12-09,0930,2011-12-09,1500,25.716964969864947,-80.2751634490885
1560 LIGURIA AV,108,11009712,ZOD,INCIDENT REPORT,2011-12-10,2011-12-10,0400,2011-12-10,0405,25.712811161047878,-80.28501348640023
5615 PAVIA ST,,11009818,VEL,VEHICLE TRAFFIC CRASH,2011-12-13,2011-12-13,0000,2011-12-13,0000,25.71778509367132,-80.27612002050361
1300 MEMORIAL DR,,11009830,FDD,FD SICK INJURED PERSON,2011-12-13,2011-12-13,1359,2011-12-13,1359,25.721196266912003,-80.27868281840205
1300 MEMORIAL DR,,12003608,VEI,VEHICLE PARKING OFFENSE SCOFF LAW,2012-05-04,2012-05-04,0000,2012-05-04,0000,25.721196266912003,-80.27868281840205
5850 SAN AMARO DR,207,12009668,DIB,DISTURBANCE OTHER,2012-12-06,2012-12-06,1430,2012-12-06,1458,25.714299116715175,-80.28361501274219
1111 MEMORIAL DR,110,12009692,FDD,FD SICK INJURED PERSON,2012-12-07,2012-12-07,1155,2012-12-07,1157,25.722570062462804,-80.27724415545623
1300 MEMORIAL DR,,12009669,FRL,FRAUD OTHER JURISDICTION,2012-12-06,2012-12-06,1545,2012-12-06,1545,25.721196266912003,-80.27868281840205
1111 MEMORIAL DR,110,12009692,PRA,PROPERTY FOUND IMPOUNDED,2012-12-07,2012-12-07,1155,2012-12-07,1157,25.722570062462804,-80.27724415545623
1300 MEMORIAL DR,,12010029,PRA,PROPERTY FOUND IMPOUNDED,2012-12-19,2012-12-11,0830,2012-12-19,1352,25.721196266912003,-80.27868281840205
1300 MEMORIAL DR,,12009580,PRB,PROPERTY LOST,2012-12-03,2012-12-03,1930,2012-12-03,2315,25.721196266912003,-80.27868281840205
1300 MEMORIAL DR,,12009664,VEI,VEHICLE PARKING OFFENSE SCOFF LAW,2012-12-06,2012-12-06,0000,2012-12-06,0000,25.721196266912003,-80.27868281840205
1300 MEMORIAL DR,,12009765,VEI,VEHICLE PARKING OFFENSE SCOFF LAW,2012-12-10,2012-12-10,0000,2012-12-10,0000,25.721196266912003,-80.27868281840205
5200 UNIVERSITY DR,,12009776,VEI,VEHICLE PARKING OFFENSE SCOFF LAW,2012-12-10,2012-12-10,0000,2012-12-10,0000,25.721804711205937,-80.27521234578398
1306 STANFORD DR,,12009584,VEL,VEHICLE TRAFFIC CRASH,2012-12-04,2012-12-04,0000,2012-12-04,0000,25.71977285700106,-80.27812445645745
1301 STANFORD DR,,12009813,VEL,VEHICLE TRAFFIC CRASH,2012-12-11,2012-12-11,0000,2012-12-11,0000,25.71936447746063,-80.2755593642569
1300 MEMORIAL DR,,12009642,ZOA,TRESPASS WARNING,2012-12-05,2012-12-05,1430,2012-12-05,1635,25.721196266912003,-80.27868281840205
1245 DAUER DR,,13003338,PRB,PROPERTY LOST,2013-05-01,2013-04-29,1300,2013-04-29,1350,25.715287927089246,-80.27935830082713
1300 MEMORIAL DR,,13003433,THF,THEFT FROM STRUCTURE WITH LEGAL ACCESS PUBLIC BUILDING,2013-05-04,2013-05-04,1825,2013-05-04,1840,25.721196266912003,-80.27868281840205
1300 MEMORIAL DR,,13003433,ZOA,TRESPASS WARNING,2013-05-04,2013-05-04,1825,2013-05-04,1840,25.721196266912003,-80.27868281840205
1300 MEMORIAL DR,,13003506,PRB,PROPERTY LOST,2013-05-07,2013-04-29,1100,2013-04-29,1130,25.721196266912003,-80.27868281840205
1525 ALBENGA AV,,13003591,THF,THEFT FROM STRUCTURE WITH LEGAL ACCESS PUBLIC BUILDING,2013-05-10,2013-05-07,0300,2013-05-10,0330,25.71429767986821,-80.28433797816082
1300 MEMORIAL DR,,13009252,PRA,PROPERTY FOUND IMPOUNDED,2013-12-11,2013-12-11,0630,2013-12-11,0630,25.721196266912003,-80.27868281840205
5100 PISANO AV,140,13009330,PRA,PROPERTY FOUND IMPOUNDED,2013-12-13,2013-12-13,2215,2013-12-13,2215,25.722582519196145,-80.27556932872822
1216 THEO DICKINSON DR,,07010950,ALA,ALCOHOL JUVENILE VIOLATION,2007-12-02,2007-12-02,0303,2007-12-02,0303,25.716840050842986,-80.27841804242468
5200 UNIVERSITY DR,,07010967,ALA,ALCOHOL JUVENILE VIOLATION,2007-12-02,2007-12-02,2025,2007-12-02,2025,25.721804711205937,-80.27521234578398
5615 PAVIA ST,,07010978,VAB,VANDALISM TO VEHICLE,2007-12-03,2007-12-02,1800,2007-12-03,1800,25.71778509367132,-80.27612002050361
5030 BRUNSON DR,,07010996,THC,THEFT FROM MOTOR VEHICLE,2007-12-03,2007-12-03,1000,2007-12-03,1000,25.722812801803922,-80.27678890253769
1300 MEMORIAL DR,,07011009,XOM,OBSTRUCTION OF JUSTICE RESIST ARREST ESCAPE,2007-12-04,2007-12-04,0012,2007-12-04,0.008,25.721196266912003,-80.27868281840205
1300 MEMORIAL DR,,07011009,XOT,OBSTRUCTION OF JUSTICE RESIST ARREST ESCAPE,2007-12-04,2007-12-04,0012,2007-12-04,0.008,25.721196266912003,-80.27868281840205
1204 THEO DICKINSON DR,,07011030,VAB,VANDALISM TO VEHICLE,2007-12-04,2007-12-03,1930,2007-12-04,1930,25.717225286505364,-80.27760441214325
5202 UNIVERSITY DR,,07011031,FDD,FD INJURED PERSON,2007-12-04,2007-12-04,1712,2007-12-04,1712,25.721030026647114,-80.27619117435918
1300 MEMORIAL DR,,07011078,THF,THEFT FROM STRUCTURE WITH LEGAL ACCESS PUBLIC BUILDING,2007-12-05,2007-12-05,1630,2007-12-05,1630,25.721196266912003,-80.27868281840205
1221 WILLIAM E WALSH AV,,07011155,PRC,PROPERTY DAMAGED,2007-12-07,2007-12-01,1600,2007-12-04,1600,25.71621753674619,-80.27790951300118
5202 UNIVERSITY DR,,07011156,PRB,PROPERTY LOST,2007-12-07,2007-12-06,1600,2007-12-06,1600,25.721030026647114,-80.27619117435918
1525 ALBENGA AV,BLDG 4,07011173,PRC,PROPERTY DAMAGED,2007-12-07,2007-12-07,2221,2007-12-07,2221,25.71429767986821,-80.28433797816082
1203 WILLIAM E WALSH AV,,07011250,PRC,PROPERTY DAMAGED,2007-12-10,2007-12-08,2000,2007-12-10,2000,25.716855014649777,-80.27717073218628
1228 THEO DICKINSON DR,,07011249,TVE,THEFT OF BICYCLE,2007-12-10,2007-12-06,2200,2007-12-07,2200,25.716565340887403,-80.27908974903902
1306 STANFORD DR,N201,07011263,SCE,SIMPLE HARASSMENT,2007-12-11,2007-12-07,1620,2007-12-11,1619,25.71977285700106,-80.27812445645745
1245 DAUER DR,,07011283,FRD,THEFT FROM STRUCTURE WITH LEGAL ACCESS PUBLIC BUILDING,2007-12-11,2007-12-08,1700,2007-12-09,1700,25.715287927089246,-80.27935830082713
1245 DAUER DR,,07011283,THF,THEFT FROM STRUCTURE WITH LEGAL ACCESS PUBLIC BUILDING,2007-12-11,2007-12-08,1700,2007-12-09,1700,25.715287927089246,-80.27935830082713
1252 MEMORIAL DR,401,07011717,THK,THEFT OTHER,2007-12-27,2007-12-01,0900,2007-12-27,0900,25.721907300646592,-80.27794526087081
1300 MEMORIAL DR,,08003743,FDC,FD OTHER FIRE,2008-04-27,2008-04-27,1630,2008-04-27,1630,25.721196266912003,-80.27868281840205
1300 MEMORIAL DR,BLK,08003751,ZOB,WARRANT ARREST,2008-04-28,2008-04-28,0840,2008-04-28,0840,25.721196266912003,-80.27868281840205
1300 MEMORIAL DR,,08003809,VEI,VEHICLE PARKING OFFENSE SCOFF LAW,2008-04-29,2008-04-29,1536,2008-04-29,1536,25.721196266912003,-80.27868281840205
5050 BRUNSON DR,,08003797,VEI,VEHICLE PARKING OFFENSE SCOFF LAW,2008-04-29,2008-04-29,1056,2008-04-29,1056,25.72300554288966,-80.27628619953488
1303 STANFORD DR,,08003806,VEI,VEHICLE PARKING OFFENSE SCOFF LAW,2008-04-29,2008-04-29,1416,2008-04-29,1416,25.720247788584974,-80.27509501033316
5615 PAVIA ST,,08003781,ZOA,TRESPASS WARNING,2008-04-29,2008-04-28,2350,2008-04-28,2350,25.71778509367132,-80.27612002050361
1111 MEMORIAL DR,,08003782,ZOM,INTOXICATED PERSON,2008-04-29,2008-04-29,0500,2008-04-29,0500,25.722570062462804,-80.27724415545623
1300 MEMORIAL DR,,08003859,VEI,VEHICLE PARKING OFFENSE SCOFF LAW,2008-05-01,2008-05-01,1000,2008-05-01,1000,25.721196266912003,-80.27868281840205
1535 LEVANTE AV,,08003872,VEI,VEHICLE PARKING OFFENSE SCOFF LAW,2008-05-01,2008-05-01,1410,2008-05-01,1410,25.710636508796103,-80.28484146697697
5050 BRUNSON DR,,08003878,THC,THEFT FROM MOTOR VEHICLE,2008-05-01,2008-05-01,0100,2008-05-01,0.041,25.72300554288966,-80.27628619953488
1216 THEO DICKINSON DR,,08003905,THF,THEFT FROM STRUCTURE WITH LEGAL ACCESS PUBLIC BUILDING,2008-05-02,2008-04-27,1600,2008-05-02,1600,25.716840050842986,-80.27841804242468
1306 STANFORD DR,BLK,08003921,THC,THEFT FROM MOTOR VEHICLE,2008-05-03,2008-05-02,1615,2008-05-03,1615,25.71977285700106,-80.27812445645745
1213 WILLIAM E WALSH AV,,08003959,BUB,BURGLARY NON RESIDENTIAL,2008-05-04,2008-05-03,2300,2008-05-04,2300,25.71656841751981,-80.27757062671246
5850 SAN AMARO DR,,08003959,THM,THEFT FROM BURGLARY,2008-05-04,2008-05-03,2300,2008-05-04,2300,25.714299116715175,-80.28361501274219
5850 SAN AMARO DR,,08003960,PRB,PROPERTY LOST,2008-05-04,2008-05-04,1000,2008-05-04,1000,25.714299116715175,-80.28361501274219
1241 THEO DICKINSON DR,,08003985,VEI,VEHICLE PARKING OFFENSE SCOFF LAW,2008-05-05,2008-05-05,1500,2008-05-05,1500,25.71570302473251,-80.28107411276564
1507 LEVANTE AV,22N,08004022,BUA,BURGLARY RESIDENTIAL,2008-05-06,2008-05-06,0715,2008-05-06,0715,25.710965995248824,-80.28415508618453
1252 MEMORIAL DR,,08010375,VAA,VANDALISM TO STRUCTURE,2008-12-07,2008-12-06,1900,2008-12-07,1900,25.721907300646592,-80.27794526087081
1300 MEMORIAL DR,,08010389,ZOA,TRESPASS WARNING,2008-12-08,2008-12-08,0939,2008-12-08,0939,25.721196266912003,-80.27868281840205
5200 UNIVERSITY DR,,08010426,VEI,VEHICLE PARKING OFFENSE SCOFF LAW,2008-12-09,2008-12-09,0951,2008-12-09,0951,25.721804711205937,-80.27521234578398
1312 MILLER DR,,08010431,VEI,VEHICLE PARKING OFFENSE SCOFF LAW,2008-12-09,2008-12-09,1150,2008-12-09,1150,25.719607857178662,-80.28001101874146
1241 THEO DICKINSON DR,,08010435,VAB,VANDALISM TO VEHICLE,2008-12-09,2008-12-09,1215,2008-12-09,1215,25.71570302473251,-80.28107411276564
5050 BRUNSON DR,,08010470,VEI,VEHICLE PARKING OFFENSE SCOFF LAW,2008-12-10,2008-12-10,1416,2008-12-10,1416,25.72300554288966,-80.27628619953488
1306 STANFORD DR,,08010978,THF,THEFT FROM STRUCTURE WITH LEGAL ACCESS PUBLIC BUILDING,2008-12-29,2008-12-12,1838,2008-12-21,1838,25.71977285700106,-80.27812445645745
1300 MEMORIAL DR,,09003530,THF,THEFT FROM STRUCTURE WITH LEGAL ACCESS PUBLIC BUILDING,2009-05-04,2009-05-04,1355,2009-05-04,1355,25.721196266912003,-80.27868281840205
1241 THEO DICKINSON DR,,09003592,VEI,VEHICLE PARKING OFFENSE SCOFF LAW,2009-05-06,2009-05-06,0900,2009-05-06,0900,25.71570302473251,-80.28107411276564
5200 UNIVERSITY DR,,09003655,THC,THEFT FROM MOTOR VEHICLE,2009-05-08,2009-05-08,0030,2009-05-08,0030,25.721804711205937,-80.27521234578398
1300 MEMORIAL DR,,09003727,THF,THEFT FROM STRUCTURE WITH LEGAL ACCESS PUBLIC BUILDING,2009-05-10,2009-05-10,1410,2009-05-10,1410,25.721196266912003,-80.27868281840205
1111 MEMORIAL DR,,09003793,TVE,THEFT OF BICYCLE,2009-05-12,2009-05-12,1050,2009-05-12,1050,25.722570062462804,-80.27724415545623
6200 SAN AMARO DR,,09003811,ZOA,TRESPASS WARNING,2009-05-12,2009-05-12,1952,2009-05-12,1952,25.711370827294218,-80.2835268967841
1241 THEO DICKINSON DR,,09003815,ZOM,INTOXICATED PERSON,2009-05-13,2009-05-13,0100,2009-05-13,0100,25.71570302473251,-80.28107411276564
1550 BRESCIA AV,,09004400,ZOA,TRESPASS WARNING,2009-06-02,2009-05-02,1337,2009-05-02,1337,25.71143226839628,-80.28466423921704
1300 MEMORIAL DR,,09009840,THF,THEFT FROM STRUCTURE WITH LEGAL ACCESS PUBLIC BUILDING,2009-12-07,2009-12-07,1600,2009-12-07,1600,25.721196266912003,-80.27868281840205
1300 MEMORIAL DR,,09009839,THF,THEFT FROM STRUCTURE WITH LEGAL ACCESS PUBLIC BUILDING,2009-12-07,2009-12-07,1600,2009-12-07,1600,25.721196266912003,-80.27868281840205
1306 STANFORD DR,,09009871,FRL,FRAUD OTHER JURISDICTION,2009-12-08,2009-12-08,1330,2009-12-08,1330,25.71977285700106,-80.27812445645745
1301 MEMORIAL DR,,09009889,VEI,VEHICLE PARKING OFFENSE SCOFF LAW,2009-12-09,2009-12-09,1056,2009-12-09,1056,25.7222065926138,-80.279490922276
5050 BRUNSON DR,,09009885,VEI,VEHICLE PARKING OFFENSE SCOFF LAW,2009-12-09,2009-12-09,0910,2009-12-09,0910,25.72300554288966,-80.27628619953488
1300 MEMORIAL DR,,09009880,THF,THEFT FROM STRUCTURE WITH LEGAL ACCESS PUBLIC BUILDING,2009-12-09,2009-12-09,0723,2009-12-09,0723,25.721196266912003,-80.27868281840205
1300 THEO DICKINSON DR,,09009898,XOT,TRESPASSING,2009-12-09,2009-12-09,1214,2009-12-09,1214,25.713519526203246,-80.28006585943157
1300 THEO DICKINSON DR,,09009898,ZOB,WARRANT ARREST,2009-12-09,2009-12-09,1214,2009-12-09,1214,25.713519526203246,-80.28006585943157
1228 THEO DICKINSON DR,,09009942,VEI,VEHICLE PARKING OFFENSE SCOFF LAW,2009-12-10,2009-12-10,1407,2009-12-10,1407,25.716565340887403,-80.27908974903902
5225 PONCE DE LEON BLVD,,09009923,PRC,PROPERTY DAMAGED,2009-12-10,2009-12-10,0345,2009-12-10,0345,25.716964969864947,-80.2751634490885
1241 THEO DICKINSON DR,,09009946,THF,THEFT FROM STRUCTURE WITH LEGAL ACCESS PUBLIC BUILDING,2009-12-10,2009-12-08,2030,2009-12-08,2030,25.71570302473251,-80.28107411276564
1241 THEO DICKINSON DR,,09009960,THF,THEFT FROM STRUCTURE WITH LEGAL ACCESS PUBLIC BUILDING,2009-12-10,2009-12-10,1900,2009-12-10,1900,25.71570302473251,-80.28107411276564
1300 MEMORIAL DR,,09009962,THF,THEFT FROM STRUCTURE WITH LEGAL ACCESS PUBLIC BUILDING,2009-12-10,2009-12-10,2115,2009-12-10,2115,25.721196266912003,-80.27868281840205
1111 MEMORIAL DR,,09009976,VEI,VEHICLE PARKING OFFENSE SCOFF LAW,2009-12-11,2009-12-11,1016,2009-12-11,1016,25.722570062462804,-80.27724415545623
1241 THEO DICKINSON DR,,09009971,VEI,VEHICLE PARKING OFFENSE SCOFF LAW,2009-12-11,2009-12-11,0907,2009-12-11,0907,25.71570302473251,-80.28107411276564
1570 LIGURIA AV,,09009996,DCB,DISORDERLY DISTURBING PEACE DISRUPTING FUNCTION,2009-12-11,2009-12-11,2250,2009-12-11,2250,25.712806565572322,-80.28517828157825
1314 MILLER DR,,09010016,ZOA,TRESPASS WARNING,2009-12-12,2009-12-12,1803,2009-12-12,1803,25.719678137876816,-80.27947429490885
1540 CORNICHE AV,,09010032,TVE,THEFT OF BICYCLE,2009-12-13,2009-12-13,0001,2009-12-13,0001,25.714293641991784,-80.28506427881112
1300 MEMORIAL DR,,09010031,THF,THEFT FROM STRUCTURE WITH LEGAL ACCESS PUBLIC BUILDING,2009-12-13,2009-12-12,1500,2009-12-12,1500,25.721196266912003,-80.27868281840205
1300 MEMORIAL DR,,09010044,THF,THEFT FROM STRUCTURE WITH LEGAL ACCESS PUBLIC BUILDING,2009-12-14,2009-12-13,2350,2009-12-14,2350,25.721196266912003,-80.27868281840205
1300 MEMORIAL DR,,09010045,THF,THEFT FROM STRUCTURE WITH LEGAL ACCESS PUBLIC BUILDING,2009-12-14,2009-12-13,2200,2009-12-14,2200,25.721196266912003,-80.27868281840205
1300 MEMORIAL DR,,09010086,ZOE,SUSPICIOUS INCIDENT,2009-12-14,2009-12-14,1910,2009-12-14,1910,25.721196266912003,-80.27868281840205
1300 THEO DICKINSON DR,BLK,09010143,XOT,TRESPASSING,2009-12-16,2009-12-16,1135,2009-12-16,1135,25.713519526203246,-80.28006585943157
1300 THEO DICKINSON DR,BLK,09010143,ZOB,WARRANT ARREST,2009-12-16,2009-12-16,1135,2009-12-16,1135,25.713519526203246,-80.28006585943157
1300 MEMORIAL DR,,09010148,FRL,FRAUD OTHER JURISDICTION,2009-12-16,2009-12-16,0220,2009-12-16,0220,25.721196266912003,-80.27868281840205
1300 MEMORIAL DR,,09010148,THK,THEFT OTHER,2009-12-16,2009-12-16,0220,2009-12-16,0220,25.721196266912003,-80.27868281840205
1306 STANFORD DR,,09010170,PRA,PROPERTY FOUND IMPOUNDED,2009-12-17,2009-12-12,1426,2009-12-12,1426,25.71977285700106,-80.27812445645745
1306 STANFORD DR,,09010170,THK,THEFT OTHER,2009-12-17,2009-12-12,1426,2009-12-12,1426,25.71977285700106,-80.27812445645745
1306 STANFORD DR,,09010298,THF,THEFT FROM STRUCTURE WITH LEGAL ACCESS PUBLIC BUILDING,2009-12-21,2009-12-16,1500,2009-12-16,1500,25.71977285700106,-80.27812445645745
1306 STANFORD DR,,10003561,ZOA,TRESPASS WARNING,2010-05-01,2010-05-01,1300,2010-05-01,1300,25.71977285700106,-80.27812445645745
1565 LIGURIA AV,204A,10003580,FDD,FD SICK INJURED PERSON,2010-05-02,2010-05-02,1100,2010-05-02,1100,25.713553742258323,-80.28502866509548
5200 UNIVERSITY DR,202,10003589,FDD,FD SICK INJURED PERSON,2010-05-02,2010-05-02,1955,2010-05-02,1955,25.721804711205937,-80.27521234578398
5200 UNIVERSITY DR,202,10003589,ZOM,INTOXICATED PERSON,2010-05-02,2010-05-02,1955,2010-05-02,1955,25.721804711205937,-80.27521234578398
1101 STANFORD DR,3 FLOOR,10003619,VAC,VANDALISM TO PROPERTY,2010-05-04,2010-05-04,0330,2010-05-04,0330,25.71881745796649,-80.27438101588488
5200 UNIVERSITY DR,,10003645,PRC,PROPERTY DAMAGED,2010-05-04,2010-05-04,1045,2010-05-04,1045,25.721804711205937,-80.27521234578398
1244 STANFORD DR,,10003663,PRA,PROPERTY FOUND IMPOUNDED,2010-05-05,2010-05-05,1304,2010-05-05,1304,25.71971123039194,-80.27447609753149
1244 STANFORD DR,,10003663,ZOE,SUSPICIOUS INCIDENT,2010-05-05,2010-05-05,1304,2010-05-05,1304,25.71971123039194,-80.27447609753149
5813 PONCE DE LEON BLVD,,10003679,VEI,VEHICLE PARKING OFFENSE SCOFF LAW,2010-05-06,2010-05-06,1109,2010-05-06,1109,25.71072262402363,-80.2828717285749
1314 MILLER DR,,10003700,VEI,VEHICLE PARKING OFFENSE SCOFF LAW,2010-05-06,2010-05-06,2022,2010-05-06,2022,25.719678137876816,-80.27947429490885
1330 MILLER DR,,10003732,FDD,FD SICK INJURED PERSON,2010-05-07,2010-05-07,2035,2010-05-07,2035,25.71944576042984,-80.27900699656615
1211 THEO DICKINSON DR,,10003777,FDD,FD SICK INJURED PERSON,2010-05-09,2010-05-09,1215,2010-05-09,1215,25.71786166164746,-80.27802379272524
1231 THEO DICKINSON DR,,10003779,TVE,THEFT OF BICYCLE,2010-05-09,2010-05-09,1730,2010-05-09,1730,25.71944824748512,-80.27371668809329
1300 MEMORIAL DR,,10003785,THF,THEFT FROM STRUCTURE WITH LEGAL ACCESS PUBLIC BUILDING,2010-05-10,2010-05-10,0130,2010-05-10,0130,25.721196266912003,-80.27868281840205
1300 MEMORIAL DR,,10003785,THF,THEFT FROM STRUCTURE WITH LEGAL ACCESS PUBLIC BUILDING,2010-05-10,2010-05-10,0130,2010-05-10,0130,25.721196266912003,-80.27868281840205
1211 THEO DICKINSON DR,,10003847,VAA,VANDALISM TO STRUCTURE,2010-05-11,2010-05-11,1807,2010-05-11,1807,25.717324594374734,-80.27896018081422
1241 THEO DICKINSON DR,,10003851,THF,THEFT FROM STRUCTURE WITH LEGAL ACCESS PUBLIC BUILDING,2010-05-12,2010-05-11,1700,2010-05-12,1700,25.71570302473251,-80.28107411276564
1245 DAUER DR,,10003974,THF,THEFT FROM STRUCTURE WITH LEGAL ACCESS PUBLIC BUILDING,2010-05-16,2010-05-11,0900,2010-05-16,0900,25.715287927089246,-80.27935830082713
1245 DAUER DR,,10003974,THF,THEFT FROM STRUCTURE WITH LEGAL ACCESS PUBLIC BUILDING,2010-05-16,2010-05-11,0900,2010-05-16,0900,25.715287927089246,-80.27935830082713
1239 DICKINSON DR,RT705,11003361,PRA,PROPERTY FOUND IMPOUNDED,2011-04-30,2011-04-30,0050,2011-04-30,0055,25.71714170897283,-80.280692619163
5185 PONCE DE LEON BLVD,,11003362,SXA,SEXUAL FEMALE RAPE,2011-04-30,2011-04-30,0400,2011-04-30,0459,25.71971123039194,-80.27447609753149
1540 CORNICHE AV,2 208,11003389,FRL,FRAUD OTHER JURISDICTION,2011-05-01,2011-05-01,0230,2011-05-01,0430,25.712806565572322,-80.28517828157825
5600 MERRICK ST,,11003390,ZOD,INCIDENT REPORT,2011-05-01,2011-05-01,1045,2011-05-01,1045,25.717362536836696,-80.27658285481886
1111 MEMORIAL DR,,11003411,THG,THEFT FROM COIN OPERATED MACHINE,2011-05-02,2011-05-02,1000,2011-05-02,0930,25.722570062462804,-80.27724415545623
1527 ALBENGA AV,203A,11003438,DIB,DISTURBANCE OTHER,2011-05-02,2011-05-02,1957,2011-05-02,1958,25.713677166290974,-80.2853182342558
1245 DAUER DR,,11003444,VAC,VANDALISM TO PROPERTY,2011-05-03,2011-05-03,0900,2011-04-27,0920,25.715287927089246,-80.27935830082713
1300 STANFORD DR,BLK,11003468,THK,THEFT OTHER,2011-05-03,2011-05-03,0800,2011-05-03,1707,25.719432887118767,-80.27710637904241
5616 PAVIA ST,,11003510,THC,THEFT FROM MOTOR VEHICLE,2011-05-04,2011-05-04,1200,2011-05-04,1509,25.71778509367132,-80.27612002050361
1231 DICKINSON DR,PT808,11003513,PRA,PROPERTY FOUND IMPOUNDED,2011-05-05,2011-05-05,0030,2011-05-05,0145,25.71674224395179,-80.27972385963167
1241 DICKINSON DR,,11003526,ZOA,TRESPASS WARNING,2011-05-05,2011-05-05,1619,2011-05-05,1619,25.71570302473251,-80.28107411276564
1306 STANFORD DR,,11003538,VEL,VEHICLE TRAFFIC CRASH,2011-05-05,2011-05-05,0000,2011-05-05,0000,25.719150116065258,-80.27640123391345
5501 SAN AMARO DR,,11003546,PRA,PROPERTY FOUND IMPOUNDED,2011-05-06,2011-05-06,0200,2011-05-06,0200,25.718765459205002,-80.28117238812742
1239 DICKINSON DR,,11003556,VAC,VANDALISM TO PROPERTY,2011-05-06,2011-05-06,0200,2011-05-06,0700,25.71714170897283,-80.280692619163
1525 ALBENGA AV,,11003565,THK,THEFT OTHER,2011-05-06,2011-05-06,1200,2011-04-09,2330,25.71429767986821,-80.28433797816082
5665 PONCE DE LEON BLVD,,11003586,ZOD,INCIDENT REPORT,2011-05-07,2011-05-07,2218,2011-05-06,2218,25.712804413732126,-80.28048960356361
1231 DICKINSON DR,MT1006,11003590,PRA,PROPERTY FOUND IMPOUNDED,2011-05-07,2011-05-07,0030,2011-05-07,0035,25.717211019057448,-80.27983967147681
1306 STANFORD DR,,11003612,ZOA,TRESPASS WARNING,2011-05-07,2011-05-07,0350,2011-05-07,0350,25.71918376996591,-80.27785388718615
1239 DICKINSON DR,,11003615,FDD,FD SICK INJURED PERSON,2011-05-08,2011-05-08,0345,2011-05-08,0405,25.71714170897283,-80.280692619163
1239 DICKINSON DR,,11003615,ZOE,SUSPICIOUS INCIDENT,2011-05-08,2011-05-08,0345,2011-05-08,0405,25.71714170897283,-80.280692619163
5183 PONCE DE LEON BLVD,,11003617,ZOA,TRESPASS WARNING,2011-05-08,2011-05-08,0824,2011-05-08,0826,25.71944824748512,-80.27371668809329
1231 DICKINSON DR,,11003627,ZOD,INCIDENT REPORT,2011-05-08,2011-05-08,1710,2011-05-08,1710,25.71688569784226,-80.28016167926316
1300 MEMORIAL DR,,11003628,THF,THEFT FROM STRUCTURE WITH LEGAL ACCESS PUBLIC BUILDING,2011-05-08,2011-05-08,1650,2011-05-08,1715,25.721196266912003,-80.27868281840205
1231 DICKINSON DR,PT 1118,11003630,BUA,BURGLARY RESIDENTIAL,2011-05-08,2011-05-08,1400,2011-05-08,1200,25.71674224395179,-80.27972385963167
1231 DICKINSON DR,PT 1118,11003630,THM,THEFT FROM BURGLARY,2011-05-08,2011-05-08,1400,2011-05-08,1200,25.71674224395179,-80.27972385963167
5665 PONCE DE LEON BLVD,,11003657,FRG,FRAUD POSSESSION OF COUNTERFEIT,2011-05-09,2011-05-09,1900,2011-05-09,1907,25.712804413732126,-80.28048960356361
5665 PONCE DE LEON BLVD,,11003657,PRA,PROPERTY FOUND IMPOUNDED,2011-05-09,2011-05-09,1900,2011-05-09,1907,25.712804413732126,-80.28048960356361
5100 BRUNSON DR,,11003675,THC,THEFT FROM MOTOR VEHICLE,2011-05-10,2011-05-10,0000,2011-05-10,0300,25.722889235743306,-80.27460418697008
1231 DICKINSON DR,,11003688,ZOA,TRESPASS WARNING,2011-05-10,2011-05-10,1815,2011-05-10,1815,25.71688569784226,-80.28016167926316
1231 DICKINSON DR,,11003692,PRA,PROPERTY FOUND IMPOUNDED,2011-05-11,2011-05-11,0031,2011-05-11,0426,25.717211019057448,-80.27983967147681
1239 DICKINSON DR,1216,11003719,PRA,PROPERTY FOUND IMPOUNDED,2011-05-12,2011-05-12,1715,2011-05-11,1725,25.71714170897283,-80.280692619163
1239 DICKINSON DR,,11003743,PRA,PROPERTY FOUND IMPOUNDED,2011-05-11,2011-05-11,2030,2011-05-11,2030,25.71714170897283,-80.280692619163
1231 DICKINSON DR,MT410,11003749,PRA,PROPERTY FOUND IMPOUNDED,2011-05-12,2011-05-12,2300,2011-05-12,2315,25.717211019057448,-80.27983967147681
1500 ALBENGA AV,BLK,11003789,ZOA,TRESPASS WARNING,2011-05-13,2011-05-13,2312,2011-05-13,2315,25.713462358808357,-80.28449384009996
1303 STANFORD DR,,11009503,PRC,PROPERTY DAMAGED,2011-12-04,2011-12-04,0748,2011-12-04,0748,25.72002928882885,-80.27473551076274
1300 MEMORIAL DR,,11009537,THF,THEFT FROM STRUCTURE WITH LEGAL ACCESS PUBLIC BUILDING,2011-12-05,2011-12-05,1200,2011-12-05,1220,25.721196266912003,-80.27868281840205
1211 DICKINSON DR,,11009545,PRB,PROPERTY LOST,2011-12-05,2011-12-05,0030,2011-12-05,1500,25.717661419154883,-80.27859149857625
1231 DICKINSON DR,231B,11009581,PRC,PROPERTY DAMAGED,2011-12-06,2011-12-06,1100,2011-12-02,1100,25.71678911087474,-80.2804458078016
1231 DICKINSON DR,231B,11009581,ZOE,SUSPICIOUS INCIDENT,2011-12-06,2011-12-06,1100,2011-12-02,1100,25.71678911087474,-80.2804458078016
1228 DICKINSON DR,,11009594,FDD,FD SICK INJURED PERSON,2011-12-06,2011-12-06,2318,2011-12-06,2318,25.71721383206447,-80.27887220044333
1228 DICKINSON DR,,11009594,SCA,SIMPLE BATTERY,2011-12-06,2011-12-06,2318,2011-12-06,2318,25.71721383206447,-80.27887220044333
1228 DICKINSON DR,,11009594,ZOA,TRESPASS WARNING,2011-12-06,2011-12-06,2318,2011-12-06,2318,25.71721383206447,-80.27887220044333
1300 MEMORIAL DR,,11009599,THF,THEFT FROM STRUCTURE WITH LEGAL ACCESS PUBLIC BUILDING,2011-12-07,2011-12-07,0520,2011-12-07,0530,25.721196266912003,-80.27868281840205
1306 STANFORD DR,,11009625,PRB,PROPERTY LOST,2011-12-07,2011-12-07,1340,2011-12-07,1341,25.719618792737815,-80.27685653635329
5500 SAN AMARO DR,BLK,11009634,PRA,PROPERTY FOUND IMPOUNDED,2011-12-08,2011-12-08,0100,2011-12-08,0100,25.718765459205002,-80.28117238812742
1239 DICKINSON DR,WT1205,11009670,PRA,PROPERTY FOUND IMPOUNDED,2011-12-08,2011-12-08,2245,2011-12-08,2245,25.717292435430235,-80.28104135775881
1239 DICKINSON DR,203 WT,11009671,PRA,PROPERTY FOUND IMPOUNDED,2011-12-09,2011-12-09,0233,2011-12-08,0245,25.717292435430235,-80.28104135775881
1306 STANFORD DR,,11009679,FDD,FD SICK INJURED PERSON,2011-12-09,2011-12-09,0939,2011-12-09,0940,25.720260666585123,-80.27813962042372
5183 PONCE DE LEON BLVD,,11009733,VAB,VANDALISM TO VEHICLE,2011-12-10,2011-12-10,1700,2011-12-10,1700,25.719297762713037,-80.27281696147924
1239 DICKINSON DR,WT902,11009738,FDD,FD SICK INJURED PERSON,2011-12-10,2011-12-10,1950,2011-12-10,2045,25.717292435430235,-80.28104135775881
1228 DICKINSON DR,,11009756,THC,THEFT FROM MOTOR VEHICLE,2011-12-11,2011-12-11,0300,2011-12-10,2215,25.716565340887403,-80.27908974903902
1101 STANFORD DR,,11009782,VAB,VANDALISM TO VEHICLE,2011-12-12,2011-12-12,0715,2011-12-12,1115,25.718762542290523,-80.27343584577093
1306 STANFORD DR,,11009790,THK,THEFT OTHER,2011-12-12,2011-12-12,1500,2011-12-11,1505,25.71941057671138,-80.2780406268501
1101 STANFORD DR,737,11009851,THF,THEFT FROM STRUCTURE WITH LEGAL ACCESS PUBLIC BUILDING,2011-12-13,2011-12-13,1845,2011-12-13,2230,25.7183187340385,-80.27388202617917
1101 STANFORD DR,737,11009851,VAC,VANDALISM TO PROPERTY,2011-12-13,2011-12-13,1845,2011-12-13,2230,25.7183187340385,-80.27388202617917
1239 DICKINSON DR,RT310,11009852,PRA,PROPERTY FOUND IMPOUNDED,2011-12-14,2011-12-14,0047,2011-12-14,0138,25.71714170897283,-80.280692619163
1231 DICKINSON DR,MT 1107,12003749,PRB,PROPERTY LOST,2012-05-09,2012-05-09,1130,2012-05-09,2145,25.717211019057448,-80.27983967147681
1101 STANFORD DR,702,12009645,BUA,BURGLARY RESIDENTIAL,2012-12-05,2012-12-04,1930,2012-12-04,2100,25.71881745796649,-80.27438101588488
5185 PONCE DE LEON BLVD,646,12009646,BUA,BURGLARY RESIDENTIAL,2012-12-05,2012-12-04,0200,2012-12-04,2100,25.719102470559598,-80.27359647622049
5185 PONCE DE LEON BLVD,PRC 519,12009745,BUA,BURGLARY RESIDENTIAL,2012-12-09,2012-12-08,2300,2012-12-09,1630,25.718646553380882,-80.27351483935477
5185 PONCE DE LEON BLVD,,12009575,DIA,DISTURBANCE DOMESTIC,2012-12-03,2012-12-03,2006,2012-12-03,2007,25.718762542290523,-80.27343584577093
1241 DICKINSON DR,,12009543,THC,THEFT FROM MOTOR VEHICLE,2012-12-02,2012-12-02,1128,2012-12-02,1228,25.715078730361498,-80.28030178024032
1300 MEMORIAL DR,,12009633,THF,THEFT FROM STRUCTURE WITH LEGAL ACCESS PUBLIC BUILDING,2012-12-05,2012-12-04,1930,2012-12-04,1945,25.721196266912003,-80.27868281840205
1300 MEMORIAL DR,,12009694,THF,THEFT FROM STRUCTURE WITH LEGAL ACCESS PUBLIC BUILDING,2012-12-07,2012-12-06,2000,2012-12-06,2030,25.721196266912003,-80.27868281840205
1241 DICKINSON DR,,12009788,THF,THEFT FROM STRUCTURE WITH LEGAL ACCESS PUBLIC BUILDING,2012-12-10,2012-12-10,2240,2012-12-10,2300,25.71570302473251,-80.28107411276564
1231 DICKINSON DR,,12009604,THK,THEFT OTHER,2012-12-04,2012-12-04,1000,2012-12-04,1800,25.71688569784226,-80.28016167926316
1211 DICKINSON DR,,12009608,THK,THEFT OTHER,2012-12-04,2012-12-04,0025,2012-12-04,0030,25.717661419154883,-80.27859149857625
5185 PONCE DE LEON BLVD,PRC 519,12009745,THM,THEFT FROM BURGLARY,2012-12-09,2012-12-08,2300,2012-12-09,1630,25.718646553380882,-80.27351483935477
1399 MEMORIAL DR/SAN AMARO DR,,12009620,VEL,VEHICLE TRAFFIC CRASH,2012-12-05,2012-12-05,0000,2012-12-05,0000,25.721108044556626,-80.28068738500947
5185 PONCE DE LEON BLVD,,12009575,ZOA,TRESPASS WARNING,2012-12-03,2012-12-03,2006,2012-12-03,2007,25.718762542290523,-80.27343584577093
1239 DICKINSON DR,RT710,13003255,PRA,PROPERTY FOUND IMPOUNDED,2013-04-28,2013-04-28,0110,2013-04-28,0130,25.71714170897283,-80.280692619163
1239 DICKINSON DR,RT710,13003255,ZOQ,ULEAD,2013-04-28,2013-04-28,0110,2013-04-28,0130,25.71714170897283,-80.280692619163
1551 BRESCIA AV,,13003271,VEL,VEHICLE TRAFFIC CRASH,2013-04-29,2013-04-29,1208,2013-04-29,1208,25.71230166765787,-80.28436529921282
6299 SAN AMARO DR,,13003382,VEL,VEHICLE TRAFFIC CRASH,2013-05-02,2013-05-02,2306,2013-05-02,2306,25.711380512388295,-80.28252505445236
5185 PONCE DE LEON BLVD,,13003443,ALA,ALCOHOL JUVENILE VIOLATION,2013-05-05,2013-05-05,0610,2013-05-05,0615,25.719704774930232,-80.27397869861866
5185 PONCE DE LEON BLVD,,13003443,DRF,DRUG POSSESSION OF PARAPHERNALIA EQUIPMENT,2013-05-05,2013-05-05,0610,2013-05-05,0615,25.719704774930232,-80.27397869861866
5185 PONCE DE LEON BLVD,,13003443,FRG,FRAUD POSSESSION OF COUNTERFEIT,2013-05-05,2013-05-05,0610,2013-05-05,0615,25.719704774930232,-80.27397869861866
5185 PONCE DE LEON BLVD,,13003443,PRA,PROPERTY FOUND IMPOUNDED,2013-05-05,2013-05-05,0610,2013-05-05,0615,25.719704774930232,-80.27397869861866
5185 PONCE DE LEON BLVD,,13003443,ZOQ,ULEAD,2013-05-05,2013-05-05,0610,2013-05-05,0615,25.719704774930232,-80.27397869861866
1239 DICKINSON DR,W822,13003455,VAC,VANDALISM TO PROPERTY,2013-05-05,2013-05-05,0210,2013-05-05,0225,25.71763718015981,-80.28071036256111
1241 DICKINSON DR,,13003491,THF,THEFT FROM STRUCTURE WITH LEGAL ACCESS PUBLIC BUILDING,2013-05-06,2013-05-06,1730,2013-05-06,1830,25.71570302473251,-80.28107411276564
1570 LIGURIA AV,208A,13003526,TVE,THEFT OF BICYCLE,2013-05-07,2013-05-07,1130,2013-05-07,1330,25.71281125702202,-80.28533154392642
1231 DICKINSON DR,,13003567,THC,THEFT FROM MOTOR VEHICLE,2013-05-09,2013-05-08,1815,2013-05-08,1900,25.71570302473251,-80.28107411276564
1239 DICKINSON DR,R712,13009384,DRA,DRUG POSSESSION CONTROLLED SUBSTANCE,2013-12-16,2013-12-16,1054,2013-12-16,1200,25.71714170897283,-80.280692619163
1239 DICKINSON DR,R712,13009384,DRB,DRUG SALE CONTROLLED SUBSTANCE,2013-12-16,2013-12-16,1054,2013-12-16,1200,25.71714170897283,-80.280692619163
1239 DICKINSON DR,R712,13009384,DRF,DRUG POSSESSION OF PARAPHERNALIA EQUIPMENT,2013-12-16,2013-12-16,1054,2013-12-16,1200,25.71714170897283,-80.280692619163
5185 PONCE DE LEON BLVD,,13009205,PRB,PROPERTY LOST,2013-12-09,2013-12-08,0200,2013-12-08,0230,25.719167323110792,-80.27403549974046
1565 LIGURIA AV,,13009392,SXF,SEXUAL LEWD LASCIVIOUS ACT,2013-12-16,2013-12-16,1420,2013-12-16,1420,25.713191024788056,-80.28532177339194
1111 MEMORIAL DR,,13009429,THA,THEFT OF AUTO TAG REGISTRATION DECAL,2013-12-17,2013-12-17,1500,2013-12-17,1500,25.72347317659027,-80.27718445768264
1535 LEVANTE AV,,13009189,THC,THEFT FROM MOTOR VEHICLE,2013-12-08,2013-12-08,1800,2013-12-08,1945,25.711148752413557,-80.28413494097494
5150 BRUNSON DR,LC190,13009209,THF,THEFT FROM STRUCTURE WITH LEGAL ACCESS PUBLIC BUILDING,2013-12-09,2013-12-09,1310,2013-12-09,1311,25.722193801483982,-80.2759408852895
1204 DICKINSON DR,R,13009375,THF,THEFT FROM STRUCTURE WITH LEGAL ACCESS PUBLIC BUILDING,2013-12-16,2013-12-12,1335,2013-12-12,1335,25.717225286505364,-80.27760441214325
1550 BRESCIA AV,,13009448,THF,THEFT FROM STRUCTURE WITH LEGAL ACCESS PUBLIC BUILDING,2013-12-18,2013-12-17,1700,2013-12-18,0745,25.71143226839628,-80.28466423921704
1241 DICKINSON DR,200,13009473,THF,THEFT FROM STRUCTURE WITH LEGAL ACCESS PUBLIC BUILDING,2013-12-18,2013-12-18,1900,2013-12-18,1920,25.71570302473251,-80.28107411276564
1300 MEMORIAL DR,,13009482,THF,THEFT FROM STRUCTURE WITH LEGAL ACCESS PUBLIC BUILDING,2013-12-19,2013-12-10,0800,2013-12-18,0800,25.721196266912003,-80.27868281840205
1306 STANFORD DR,,13009214,THJ,THEFT BY SHOPLIFTING,2013-12-09,2013-12-08,1300,2013-12-08,1500,25.719976897850092,-80.27791499554434
5821 SAN AMARO DR,,13009268,THK,THEFT OTHER,2013-12-12,2013-12-12,0527,2013-12-12,0530,25.71570302473251,-80.28107411276564
1300 MEMORIAL DR,BLK,13009304,THK,THEFT OTHER,2013-12-13,2013-12-13,0800,2013-12-13,0830,25.720491306869746,-80.2786572834933
1200 MEMORIAL DR,,13009438,THK,THEFT OTHER,2013-12-17,2013-12-12,0400,2013-12-12,0700,25.722351550788833,-80.27806211124262
5400 PONCE DE LEON BLVD,BLK,13009234,TVE,THEFT OF BICYCLE,2013-12-10,2013-12-09,2300,2013-12-10,1600,25.714929437006635,-80.27768502922336
1211 DICKINSON DR,,13009180,VAA,VANDALISM TO STRUCTURE,2013-12-08,2013-12-08,1022,2013-12-08,1022,25.717661419154883,-80.27859149857625
