address,apt,case,primary_offense,offense_code,offense,tract,date_rept,date_occu,hour_occu,date_fnd,hour_fnd,fid,x,y
1231 DICKINSON DRIVE,,12000086,1,PRC,PROPERTY DAMAGED,07U,2012-01-05,2012-01-05,0900,2012-01-05,1350,,,
1231 DICKIINSON DR,MT1208,12000422,1,PRA,PROPERTY FOUND / IMPOUNDED,07U,2012-01-18,2012-01-18,0010,2012-01-18,0020,70,893261.76699999999,503552.82699999999
5200 UNIVERSITY DR,,12000424,1,ZOM,INTOXICATED PERSON,07U,2012-01-18,2012-01-18,0324,2012-01-18,0324,,,
1311 MILLER DR,,12000773,1,SCE,SIMPLE HARASSMENT,07U,2012-01-30,2012-01-30,1523,2012-01-26,1523,11,893237.66,504807.88199999998
1239 DICKINSON DR,,12000819,1,ZOM,INTOXICATED PERSON,07U,2012-01-31,2012-01-31,2303,2012-01-31,2303,,,
1300 MEMORIAL DR,,12000947,1,ZOA,TRESPASS WARNING,07U,2012-02-05,2012-02-05,1927,2012-02-05,1929,,,
1520 LIGURIA AV,,12001012,1,DIB,DISTURBANCE OTHER,07U,2012-02-08,2012-02-08,0021,2012-02-08,0021,,,
1239 DICKINSON DR,RT 215,12001069,1,SCA,SIMPLE BATTERY,07U,2012-02-09,2012-02-09,0300,2012-02-09,1600,73,892981.07499999995,503526.10499999998
1239 DICKINSON DR,RT 215,12001069,2,ZOA,TRESPASS WARNING,07U,2012-02-09,2012-02-09,0300,2012-02-09,1600,,,
1211 DICKINSON DR,301,12001243,1,BUA,BURGLARY RESIDENTIAL,07U,2012-02-15,2012-02-15,1000,2012-01-31,2000,67,893671.82799999998,503718.77100000001
1211 DICKINSON DR,301,12001243,2,THM,THEFT FROM BURGLARY,07U,2012-02-15,2012-02-15,1000,2012-01-31,2000,67,893671.82799999998,503718.77100000001
5500 MERRICK WAY,,12001374,1,ZOD,INCIDENT REPORT,07U,2012-02-20,2012-02-20,0900,2012-02-20,0900,55,894213.16599999997,503867.28399999999
1527 ALBENGA AV,,12002139,1,THA,THEFT OF AUTO TAG / REGISTRATION DECAL,07U,2012-03-19,2012-03-19,1500,2012-03-19,1100,110,891783.19900000002,502422.848
1231 DICKINSON DR,,12002248,1,PRB,PROPERTY LOST,07U,2012-03-22,2012-03-22,1631,2012-03-22,1720,,,
1239 DICKINSON DR,,12002478,2,FDD,FD SICK/INJURED PERSON,07U,2012-03-30,2012-03-30,2200,2012-03-30,0200,76,892865.95600000001,503580.26199999999
1239 DICKINSON DR,,12002478,1,ZOM,INTOXICATED PERSON,07U,2012-03-30,2012-03-30,2200,2012-03-30,0200,76,892865.95600000001,503580.26199999999
1585 ALBENGA AV,311,12002558,1,BUA,BURGLARY RESIDENTIAL,07U,2012-04-01,2012-04-01,0300,2012-04-01,0407,107,891478.31499999994,502478.739
1585 ALBENGA AV,311,12002558,2,THM,THEFT FROM BURGLARY,07U,2012-04-01,2012-04-01,0300,2012-04-01,0407,107,891478.31499999994,502478.739
5700 PONCE DE LEON BLVD,BLK,12002650,1,VEL,VEHICLE TRAFFIC CRASH,07U,2012-04-23,2012-04-23,1941,2012-04-03,1941,,,
1239 DICKINSON DR,W605,12003107,1,BUA,BURGLARY RESIDENTIAL,07U,2012-04-18,2012-04-18,2000,2012-04-15,1400,74,892974.25199999998,503706.15500000003
1239 DICKINSON DR,W605,12003107,2,THM,THEFT FROM BURGLARY,07U,2012-04-18,2012-04-18,2000,2012-04-15,1400,74,892974.25199999998,503706.15500000003
5250 UNIVERSITY DR,103,12003315,1,PRB,PROPERTY LOST,07U,2012-04-24,2012-04-24,1720,2012-04-23,1930,30,894450.64800000004,504671.13099999999
1200 STANFORD DR,BLK,12003516,1,VEI,VEHICLE PARKING OFFENSE / SCOFF LAW,07U,2012-05-01,2012-05-01,0000,2012-05-01,0000,,,
1300 MEMORIAL DR,,12003608,1,VEI,VEHICLE PARKING OFFENSE / SCOFF LAW,07U,2012-05-04,2012-05-04,0000,2012-05-04,0000,,,
1231 DICKINSON DR,MT 1107,12003749,1,PRB,PROPERTY LOST,07U,2012-05-09,2012-05-09,1130,2012-05-09,2145,70,893261.76699999999,503552.82699999999
1245 DAUR DR,,12003798,1,THC,THEFT FROM MOTOR VEHICLE,07U,2012-05-11,2012-05-11,1530,2012-05-10,1810,724,893105.12899999996,502610.712
1231 DICKINSON DR,PT 1219,12003919,1,BUA,BURGLARY RESIDENTIAL,07U,2012-05-15,2012-05-15,1300,2012-05-15,1100,71,893300.82700000005,503382.65600000002
1231 DICKINSON DR,PT 1219,12003919,2,THM,THEFT FROM BURGLARY,07U,2012-05-15,2012-05-15,1300,2012-05-15,1100,71,893300.82700000005,503382.65600000002
5185 PONCE DE LEON BLVD,,12004075,1,FDC,FD OTHER FIRE,07U,2012-05-21,2012-05-21,0830,2012-05-21,0830,,,
1239 DICKINSON DR,,12005035,1,ZOA,TRESPASS WARNING,07U,2012-06-27,2012-06-27,1215,2012-06-27,1215,,,
1300 STANFORD DR,BLK,12005171,1,VEL,VEHICLE TRAFFIC CRASH,07U,2012-07-03,2012-07-03,0000,2012-07-03,0000,,,
1100 STANFORD DR,,12005205,1,ZOD,INCIDENT REPORT,07U,2012-07-05,2012-07-05,1715,2012-07-05,1050,,,
1356 MEMORIAL DR,302,12005224,1,PRA,PROPERTY FOUND / IMPOUNDED,07U,2012-07-05,2012-07-05,1900,2012-07-05,1900,5,893251.52300000004,505110.245
5250 BRUNSON DR,,12005240,1,PRC,PROPERTY DAMAGED,07U,2012-07-06,2012-07-06,2130,2012-07-06,1200,,,
1300 MEMORIAL DR,,12005249,1,VEI,VEHICLE PARKING OFFENSE / SCOFF LAW,07U,2012-07-06,2012-07-06,0000,2012-07-06,0000,,,
1250 STANFORD DR,,12005251,1,ZOD,INCIDENT REPORT,07U,2012-07-06,2012-07-06,1715,2012-07-06,1715,,,
5850 SAN AMARO DR,,12005266,1,PRA,PROPERTY FOUND / IMPOUNDED,07U,2012-07-07,2012-07-07,0850,2012-07-07,0850,491,891987.27599999995,502597.71899999998
1211 DICKINSON DR,209,12005274,1,ZOM,INTOXICATED PERSON,07U,2012-07-08,2012-07-08,0530,2012-07-08,0535,,,
1300 MEMORIAL DR,,12005297,1,PRB,PROPERTY LOST,07U,2012-07-09,2012-07-09,1710,2012-07-06,1730,16,893634.74199999997,505003.36800000002
1300 STANFORD DR,,12005313,1,VEI,VEHICLE PARKING OFFENSE / SCOFF LAW,07U,2012-07-09,2012-07-09,0000,2012-07-09,0000,,,
1301 MEMORIAL DR,,12005360,1,THC,THEFT FROM MOTOR VEHICLE,07U,2012-07-11,2012-07-11,1230,2012-07-11,1630,445,893250.39199999999,505533.79700000002
1500 ALBENGA AV,,12005403,1,VAB,VANDALISM TO VEHICLE,07U,2012-07-13,2012-07-13,2300,2012-07-13,1250,,,
5183 PONCE DE LEON BLVD,,12005459,1,PRB,PROPERTY LOST,07U,2012-07-16,2012-07-16,1200,2012-07-16,0820,710,895710.24,504260.94199999998
5202 UNIVERSITY DR,,12005505,1,FDD,FD SICK/INJURED PERSON,07U,2012-07-17,2012-07-17,1330,2012-07-17,1332,27,894455.40899999999,504947.43699999998
1251 MEMORIAL DR,,12005536,1,TVE,THEFT OF BICYCLE,07U,2012-07-18,2012-07-18,1730,2012-07-18,1740,550,893750.43299999996,505494.39
1111 MEMORIAL DR,RM:203,12005547,1,THF,THEFT FROM STRUCTURE  WITH LEGAL ACCESS / PUBLIC BUILDING,07U,2012-07-19,2012-07-19,1330,2012-07-16,0730,18,894105.66599999997,505505.27299999999
1241 DICKINSON DR,101,12005560,1,TVE,THEFT OF BICYCLE,07U,2012-07-19,2012-07-19,1900,2012-07-19,1900,70,893261.76699999999,503552.82699999999
5100 BRUNSON DR,,12005583,1,ZOE,SUSPICIOUS INCIDENT,07U,2012-07-20,2012-07-20,1215,2012-07-20,1219,21,894413.07900000003,505459.51
1306 STANFORD DR,,12005600,1,ZOA,TRESPASS WARNING,07U,2012-07-21,2012-07-21,0149,2012-07-21,0149,,,
1200 DICKINSON DR,,12005620,1,THK,THEFT OTHER,07U,2012-07-22,2012-07-22,1800,2012-07-22,1830,866,893311.804,503288.81800000003
5050 BRUNSON DR,,12005627,1,VEI,VEHICLE PARKING OFFENSE / SCOFF LAW,07U,2012-07-23,2012-07-23,0000,2012-07-23,0000,,,
1252 MEMORIAL DR,,12005628,1,FDD,FD SICK/INJURED PERSON,07U,2012-07-23,2012-07-23,1133,2012-07-23,1139,,,
1306 STANFORD DR,,12005659,1,FRJ,FRAUD ELECTRONIC / COMPUTER / WIRE,07U,2012-07-24,2012-07-24,1200,2012-07-17,1201,,,
1300 MEMORIAL DR,BLK,12005672,1,PRC,PROPERTY DAMAGED,07U,2012-07-24,2012-07-24,0900,2012-07-24,1549,,,
1535 LEVANTE AV,,12005679,1,SCE,SIMPLE HARASSMENT,07U,2012-07-24,2012-07-24,1500,2012-07-24,1835,,,
1301 MEMORIAL DR,,12005727,1,ZOE,SUSPICIOUS INCIDENT,07U,2012-07-26,2012-07-26,0830,2012-07-26,0955,,,
1251 MEMORIAL DR,RM:241,12005760,1,VAC,VANDALISM TO PROPERTY,07U,2012-07-27,2012-07-27,1000,2012-07-24,1630,,,
1211 DICKINSON DR,445,12005794,1,THF,THEFT FROM STRUCTURE  WITH LEGAL ACCESS / PUBLIC BUILDING,07U,2012-07-28,2012-07-28,2200,2012-07-26,2300,67,893671.82799999998,503718.77100000001
1585 ALBENGA AV,,12005847,2,PRB,PROPERTY LOST,07U,2012-07-30,2012-07-30,0800,2012-07-13,1630,,,
1585 ALBENGA AV,,12005847,1,ZOA,TRESPASS WARNING,07U,2012-07-30,2012-07-30,0800,2012-07-13,1630,,,
1560 LIGURIA AV,302D,12005909,1,ZOE,SUSPICIOUS INCIDENT,07U,2012-08-01,2012-08-01,2015,2012-08-01,2015,103,891566.97100000002,501944.41700000002
1300 MEMORIAL DR,,12005948,1,VEI,VEHICLE PARKING OFFENSE / SCOFF LAW,07U,2012-08-03,2012-08-03,0000,2012-08-03,0000,,,
801 SAINT GILES TERR,,12006017,1,SCE,SIMPLE HARASSMENT,07U,2012-08-06,2012-08-06,1232,2012-08-06,1253,67,893671.82799999998,503718.77100000001
1565 LIGURIA AV,303,12006055,1,PRA,PROPERTY FOUND / IMPOUNDED,07U,2012-08-07,2012-08-07,2140,2012-08-07,2220,,,
1300 MEMORIAL DR,,12006063,1,VEI,VEHICLE PARKING OFFENSE / SCOFF LAW,07U,2012-08-08,2012-08-08,0000,2012-08-08,0000,,,
1300 MEMORIAL DR,,12006088,1,SXE,SEXUAL INDECENT EXPOSURE,07U,2012-08-09,2012-08-09,1500,2012-08-07,1500,,,
1300 MEMORIAL DR,,12006088,2,ZOA,TRESPASS WARNING,07U,2012-08-09,2012-08-09,1500,2012-08-07,1500,,,
1301 MEMORIAL DR,,12006093,1,THF,THEFT FROM STRUCTURE  WITH LEGAL ACCESS / PUBLIC BUILDING,07U,2012-08-09,2012-08-09,1530,2012-08-09,0700,7,893366.68200000003,505369.12400000001
5615 PAVIA ST,,12006103,1,FDB,FD VEHICLE / VESSEL FIRE,07U,2012-08-09,2012-08-09,1559,2012-08-09,1559,,,
1101 STANFORD DR,614,12006129,1,THF,THEFT FROM STRUCTURE  WITH LEGAL ACCESS / PUBLIC BUILDING,07U,2012-08-10,2012-08-10,1020,2012-08-10,1530,131,895221.08200000005,503966.17599999998
1241 DICKINSON DR,,12006186,1,ZOD,INCIDENT REPORT,07U,2012-08-12,2012-08-12,0830,2012-08-10,1700,250,893858.34400000004,503792.57199999999
5665 PONCE DE LEON BLVD,,12006219,1,VEL,VEHICLE TRAFFIC CRASH,07U,2012-08-13,2012-08-13,0000,2012-08-13,0000,,,
5030 BRUNSON DR,334,12006241,1,THF,THEFT FROM STRUCTURE  WITH LEGAL ACCESS / PUBLIC BUILDING,07U,2012-08-14,2012-08-14,1700,2012-08-09,1700,17,893876.15800000005,505263.125
1239 DICKINSON DR,WT 1213,12006243,1,PRB,PROPERTY LOST,07U,2012-08-14,2012-08-14,2145,2012-08-13,1000,74,892974.25199999998,503706.15500000003
5665 PONCE DE LEON BLVD,,12006246,1,ZOE,SUSPICIOUS INCIDENT,07U,2012-08-14,2012-08-14,1330,2012-08-14,1330,,,
5501 SAN AMARO DR,,12006255,1,ALA,ALCOHOL JUVENILE VIOLATION,07U,2012-08-15,2012-08-15,0725,2012-08-15,0728,35,893129.473,504239.35800000001
5501 SAN AMARO DR,,12006255,2,PRA,PROPERTY FOUND / IMPOUNDED,07U,2012-08-15,2012-08-15,0725,2012-08-15,0728,35,893129.473,504239.35800000001
1231 DICKINSON DR,M512,12006274,1,VAA,VANDALISM TO STRUCTURE,07U,2012-08-15,2012-08-15,1835,2012-08-15,1835,70,893261.76699999999,503552.82699999999
1252 MEMORIAL DR,,12006279,1,ZOD,INCIDENT REPORT,07U,2012-08-15,2012-08-15,0806,2012-08-15,1800,17,893876.15800000005,505263.125
1231 DICKINSON DR,PT 1201,12006301,1,THF,THEFT FROM STRUCTURE  WITH LEGAL ACCESS / PUBLIC BUILDING,07U,2012-08-16,2012-08-16,1300,2012-08-16,1550,71,893300.82700000005,503382.65600000002
1306 STANFORD DR,201,12006303,1,SCA,SIMPLE BATTERY,07U,2012-08-17,2012-08-17,1655,2012-08-16,1730,897,893975.39899999998,504486.64500000002
1231 DICKINSON DR,,12006307,1,ZOM,INTOXICATED PERSON,07U,2012-08-17,2012-08-17,1130,2012-08-17,0147,72,893156.39199999999,503434.00900000002
5665 PONCE DE LEON BLVD,,12006312,1,VEI,VEHICLE PARKING OFFENSE / SCOFF LAW,07U,2012-08-17,2012-08-17,0000,2012-08-17,0000,,,
1231 DICKINSON DR,,12006328,1,PRA,PROPERTY FOUND / IMPOUNDED,07U,2012-08-17,2012-08-17,0230,2012-08-17,1515,,,
1231 DICKINSON DR,MT1104,12006343,1,PRA,PROPERTY FOUND / IMPOUNDED,07U,2012-08-18,2012-08-18,2220,2012-08-17,2315,70,893261.76699999999,503552.82699999999
1239 DICKINSON DR,,12006345,1,ZOM,INTOXICATED PERSON,07U,2012-08-18,2012-08-18,0145,2012-08-18,0146,74,892974.25199999998,503706.15500000003
1238 DICKINSON DR,,12006348,1,VEB,VEHICLE HIT & RUN,07U,2012-08-18,2012-08-18,0752,2012-08-18,0752,,,
5185 PONCE DE LEON BLVD,224,12006370,2,FDD,FD SICK/INJURED PERSON,07U,2012-08-18,2012-08-18,2100,2012-08-18,2300,130,895341.32,504085.989
5185 PONCE DE LEON BLVD,224,12006370,1,ZOM,INTOXICATED PERSON,07U,2012-08-18,2012-08-18,2100,2012-08-18,2300,130,895341.32,504085.989
1231 DICKINSON DR,,12006371,2,FDD,FD SICK/INJURED PERSON,07U,2012-08-19,2012-08-19,2200,2012-08-18,2345,70,893261.76699999999,503552.82699999999
1231 DICKINSON DR,,12006371,1,ZOM,INTOXICATED PERSON,07U,2012-08-19,2012-08-19,2200,2012-08-18,2345,70,893261.76699999999,503552.82699999999
1231 DICKINSON DR,,12006372,1,ZOM,INTOXICATED PERSON,07U,2012-08-19,2012-08-19,0126,2012-08-19,0127,,,
1100 STANFORD DR,BLK,12006374,1,ZOM,INTOXICATED PERSON,07U,2012-08-19,2012-08-19,0149,2012-08-19,0225,,,
1231 DICKINSON DR,,12006375,2,FDD,FD SICK/INJURED PERSON,07U,2012-08-19,2012-08-19,2145,2012-08-19,0045,72,893156.39199999999,503434.00900000002
1231 DICKINSON DR,,12006375,1,ZOM,INTOXICATED PERSON,07U,2012-08-19,2012-08-19,2145,2012-08-19,0045,72,893156.39199999999,503434.00900000002
1239 DICKINSON DR,,12006376,1,ZOM,INTOXICATED PERSON,07U,2012-08-19,2012-08-19,0231,2012-08-19,0231,,,
1211 DICKINSON DR,,12006377,1,ZOM,INTOXICATED PERSON,07U,2012-08-19,2012-08-19,0251,2012-08-19,0251,,,
1231 DICKINSON DR,MT 6FLR,12006378,1,PRA,PROPERTY FOUND / IMPOUNDED,07U,2012-08-19,2012-08-19,0225,2012-08-19,0226,,,
1239 DICKINSON DR,RT 319,12006388,1,PRA,PROPERTY FOUND / IMPOUNDED,07U,2012-08-20,2012-08-20,1547,2012-08-19,1547,,,
5665 PONCE DE LEON BLVD,,12006392,1,ZOD,INCIDENT REPORT,07U,2012-08-19,2012-08-19,0000,2012-08-17,2359,123,893056.50699999998,501950.05499999999
1111 MEMORIAL DR,,12006394,1,ZOD,INCIDENT REPORT,07U,2012-08-19,2012-08-19,1748,2012-08-19,1748,27,894455.40899999999,504947.43699999998
1530 LIGURIA AV,,12006397,1,PRB,PROPERTY LOST,07U,2012-08-19,2012-08-19,2330,2012-08-19,0030,384,891816.79599999997,502254.06699999998
1239 DICKINSON DR,W1204,12006435,1,PRA,PROPERTY FOUND / IMPOUNDED,07U,2012-08-20,2012-08-20,1830,2012-08-20,1858,74,892974.25199999998,503706.15500000003
5100 BRUNSON DR,,12006437,1,THK,THEFT OTHER,07U,2012-08-20,2012-08-20,2123,2012-08-20,2136,120,891426.14199999999,502715.17
5100 BRUNSON DR,,12006437,2,ZOD,INCIDENT REPORT,07U,2012-08-20,2012-08-20,2123,2012-08-20,2136,,,
1231 DICKINSON DR,MD 1203,12006440,1,PRA,PROPERTY FOUND / IMPOUNDED,07U,2012-08-20,2012-08-20,2150,2012-08-20,2150,70,893261.76699999999,503552.82699999999
1101 STANFORD DR,,12006441,1,ZOM,INTOXICATED PERSON,07U,2012-08-21,2012-08-21,0156,2012-08-21,0220,47,895051.522,504006.97100000002
1306 STANFORD DR,BLK,12006445,1,ZOA,TRESPASS WARNING,07U,2012-08-21,2012-08-21,0930,2012-08-21,0935,367,894066.84900000005,504290.26400000002
1101 STANFORD DR,,12006458,1,ZOA,TRESPASS WARNING,07U,2012-08-21,2012-08-21,1600,2012-08-21,1600,546,895154.80700000003,503943.31199999998
1239 DICKINSON DR,1008,12006460,1,ZOD,INCIDENT REPORT,07U,2012-08-21,2012-08-21,2200,2012-08-21,1635,,,
5665 PONCE DE LEON BLVD,,12006473,1,VEL,VEHICLE TRAFFIC CRASH,07U,2012-08-22,2012-08-22,0000,2012-08-22,0000,,,
5665 PONCE DE LEON BLVD,,12006479,1,VEL,VEHICLE TRAFFIC CRASH,07U,2012-08-22,2012-08-22,0000,2012-08-22,0000,,,
5799 PONCE DE LEON BLVD/SAN AMARO DR,,12006490,1,VEL,VEHICLE TRAFFIC CRASH,07U,2012-08-22,2012-08-22,0000,2012-08-22,0000,,,
5615 PAVIA ST,,12006492,1,PRA,PROPERTY FOUND / IMPOUNDED,07U,2012-08-22,2012-08-22,1715,2012-08-22,1715,,,
1300 STANFORD DR,BLK,12006497,1,PRB,PROPERTY LOST,07U,2012-08-22,2012-08-22,1830,2012-08-22,1831,,,
1239 DICKINSON DR,WT1109,12006504,1,PRA,PROPERTY FOUND / IMPOUNDED,07U,2012-08-23,2012-08-23,0005,2012-08-23,0015,74,892974.25199999998,503706.15500000003
5050 BRUNSON DR,,12006515,1,VEI,VEHICLE PARKING OFFENSE / SCOFF LAW,07U,2012-08-23,2012-08-23,0000,2012-08-23,0000,,,
1305 CAMPO SANO AV,,12006516,1,VEI,VEHICLE PARKING OFFENSE / SCOFF LAW,07U,2012-08-23,2012-08-23,0000,2012-08-23,0000,,,
5665 PONCE DE LEON BLVD,,12006526,1,SCE,SIMPLE HARASSMENT,07U,2012-08-23,2012-08-23,1200,2012-08-19,1200,,,
1300 MEMORIAL DR,,12006533,1,SCA,SIMPLE BATTERY,07U,2012-08-23,2012-08-23,1730,2012-08-23,1745,16,893634.74199999997,505003.36800000002
1300 MEMORIAL DR,,12006533,2,SCE,SIMPLE HARASSMENT,07U,2012-08-23,2012-08-23,1730,2012-08-23,1745,16,893634.74199999997,505003.36800000002
1549 S ALHAMBRA CIR/PONCE DE LEON BLVD,,12006538,1,VEL,VEHICLE TRAFFIC CRASH,07U,2012-08-23,2012-08-23,0000,2012-08-23,0000,,,
1300 MEMORIAL DR,,12006546,1,VEI,VEHICLE PARKING OFFENSE / SCOFF LAW,07U,2012-08-24,2012-08-24,0000,2012-08-24,0000,,,
1231 DICKINSON DR,,12006595,1,TVE,THEFT OF BICYCLE,07U,2012-08-25,2012-08-25,1800,2012-08-25,1950,865,893063.45700000005,503573.89799999999
5501 SAN AMARO DR,,12006599,1,THF,THEFT FROM STRUCTURE  WITH LEGAL ACCESS / PUBLIC BUILDING,07U,2012-08-25,2012-08-25,1630,2012-08-25,1730,41,892819.9,504115.40600000002
1231 DICKINSON DR,,12006601,2,PRA,PROPERTY FOUND / IMPOUNDED,07U,2012-08-26,2012-08-26,0035,2012-08-26,0040,,,
1231 DICKINSON DR,,12006601,1,ZOM,INTOXICATED PERSON,07U,2012-08-26,2012-08-26,0035,2012-08-26,0040,,,
1211 DICKINSON DR,410,12006611,1,PRA,PROPERTY FOUND / IMPOUNDED,07U,2012-08-26,2012-08-26,2000,2012-08-26,2137,67,893671.82799999998,503718.77100000001
1585 ALBENGA AV,309C,12006612,1,ZOD,INCIDENT REPORT,07U,2012-08-27,2012-08-27,2345,2012-08-26,2346,,,
1231 DICKINSON DR,P1012,12006613,1,BUA,BURGLARY RESIDENTIAL,07U,2012-08-27,2012-08-27,0200,2012-08-27,0330,71,893300.82700000005,503382.65600000002
1231 DICKINSON DR,P1012,12006613,2,THM,THEFT FROM BURGLARY,07U,2012-08-27,2012-08-27,0200,2012-08-27,0330,71,893300.82700000005,503382.65600000002
1231 DICKINSON DR,PENT 1109,12006614,2,ALA,ALCOHOL JUVENILE VIOLATION,07U,2012-08-27,2012-08-27,0303,2012-08-27,0335,,,
1231 DICKINSON DR,PENT 1109,12006614,1,VAC,VANDALISM TO PROPERTY,07U,2012-08-27,2012-08-27,0303,2012-08-27,0335,,,
1231 DICKINSON DR,PENT 1109,12006614,2,ZOM,INTOXICATED PERSON,07U,2012-08-27,2012-08-27,0303,2012-08-27,0335,,,
1200 DICKINSON DR,BLK,12006632,1,SXA,SEXUAL FEMALE RAPE,07U,2012-08-27,2012-08-27,0130,2012-08-27,0130,70,893261.76699999999,503552.82699999999
5600 GEORGE E MERRICK ST,BLK,12006633,1,THC,THEFT FROM MOTOR VEHICLE,07U,2012-08-27,2012-08-27,1300,2012-08-24,1700,284,894370.745,503417.50799999997
1300 STANFORD DR,BLK,12006643,1,VEI,VEHICLE PARKING OFFENSE / SCOFF LAW,07U,2012-08-28,2012-08-28,0000,2012-08-28,0000,,,
1311 MILLER DR,,12006645,1,THF,THEFT FROM STRUCTURE  WITH LEGAL ACCESS / PUBLIC BUILDING,07U,2012-08-28,2012-08-28,1040,2012-08-28,1045,10,893159.37199999997,504798.79599999997
1211 DICKINSON DR,,12006649,1,FDD,FD SICK/INJURED PERSON,07U,2012-08-28,2012-08-28,1249,2012-08-28,1256,,,
1231 DICKINSON DR,,12006653,1,PRB,PROPERTY LOST,07U,2012-08-28,2012-08-28,1230,2012-08-28,1300,76,892865.95600000001,503580.26199999999
5099 PISANO AV/UNIVERSITY DR,,12006661,1,VEL,VEHICLE TRAFFIC CRASH,07U,2012-08-28,2012-08-28,0000,2012-08-28,0000,,,
1560 LIGURIA AV,205A,12006667,1,DIB,DISTURBANCE OTHER,07U,2012-08-28,2012-08-28,2340,2012-08-28,2341,103,891566.97100000002,501944.41700000002
1231 DICKINSON DR,MD 1219,12006669,1,PRA,PROPERTY FOUND / IMPOUNDED,07U,2012-08-29,2012-08-29,0020,2012-08-29,0028,70,893261.76699999999,503552.82699999999
5185 PONCE DE LEON BLVD,555,12006701,2,PRA,PROPERTY FOUND / IMPOUNDED,07U,2012-08-29,2012-08-29,1745,2012-08-29,1745,,,
5185 PONCE DE LEON BLVD,555,12006701,1,ZOI,SUICIDE ATTEMPT / THREATS,07U,2012-08-29,2012-08-29,1745,2012-08-29,1745,,,
1306 STANFORD DR,,12006705,1,ZOA,TRESPASS WARNING,07U,2012-08-29,2012-08-29,1827,2012-08-29,1827,,,
1231 DICKINSON DR,PT918,12006707,1,ZOQ,ULEAD,07U,2012-08-29,2012-08-29,2115,2012-08-29,2116,71,893300.82700000005,503382.65600000002
1239 DICKINSON DR,RT1018,12006715,1,THF,THEFT FROM STRUCTURE  WITH LEGAL ACCESS / PUBLIC BUILDING,07U,2012-08-30,2012-08-30,0800,2012-08-29,2200,73,892981.07499999995,503526.10499999998
1239 DICKINSON DR,WT1211,12006733,1,PRA,PROPERTY FOUND / IMPOUNDED,07U,2012-08-30,2012-08-30,1515,2012-08-30,1530,,,
1314 MILLER DR,,12006745,1,VEL,VEHICLE TRAFFIC CRASH,07U,2012-08-31,2012-08-31,0000,2012-08-31,0000,,,
1300 STANFORD DR,BLK,12006748,1,VEL,VEHICLE TRAFFIC CRASH,07U,2012-08-31,2012-08-31,0000,2012-08-31,0000,,,
1300 STANFORD DR,BLK,12006754,1,VEI,VEHICLE PARKING OFFENSE / SCOFF LAW,07U,2012-08-31,2012-08-31,0000,2012-08-31,0000,,,
1239 DICKINSON DR,,12006759,1,PRB,PROPERTY LOST,07U,2012-08-31,2012-08-31,2200,2012-08-30,2300,,,
1500 CORNICHE AV,,12006789,1,ZOM,INTOXICATED PERSON,07U,2012-09-01,2012-09-01,0300,2012-09-01,0301,488,891729.63100000005,502863.75
5250 UNIVERSITY DR,RM:402,12006801,1,ZOA,TRESPASS WARNING,07U,2012-09-01,2012-09-01,1630,2012-09-01,1715,,,
1231 DICKINSON DR,,12006809,1,SCA,SIMPLE BATTERY,07U,2012-09-02,2012-09-02,0114,2012-09-02,0115,74,892974.25199999998,503706.15500000003
1101 STANFORD DR,,12006815,1,PRB,PROPERTY LOST,07U,2012-09-02,2012-09-02,0100,2012-09-02,0115,545,894992.79500000004,504131.88299999997
1585 ALBENGA AV,3102,12006833,1,SCA,SIMPLE BATTERY,07U,2012-09-03,2012-09-03,1731,2012-09-03,1737,107,891478.31499999994,502478.739
1535 LEVANTE AV,,12006845,1,THK,THEFT OTHER,07U,2012-09-04,2012-09-04,0900,2012-09-04,1027,172,891658.24199999997,500988.91200000001
1300 MEMORIAL DR,,12006854,1,THF,THEFT FROM STRUCTURE  WITH LEGAL ACCESS / PUBLIC BUILDING,07U,2012-09-04,2012-09-04,1215,2012-09-04,1419,16,893634.74199999997,505003.36800000002
1306 STANFORD DR,2 FLOOR,12006861,1,THF,THEFT FROM STRUCTURE  WITH LEGAL ACCESS / PUBLIC BUILDING,07U,2012-09-04,2012-09-04,1500,2012-08-31,2000,897,893975.39899999998,504486.64500000002
1101 STANFORD DR,224,12006865,1,SCE,SIMPLE HARASSMENT,07U,2012-09-04,2012-09-04,1000,2012-09-02,1438,,,
1211 DICKINSON DR,,12006868,1,VAB,VANDALISM TO VEHICLE,07U,2012-09-04,2012-09-04,1950,2012-09-04,2115,,,
5199 PONCE DE LEON BLVD/STANFORD DR,,12006876,1,VEL,VEHICLE TRAFFIC CRASH,07U,2012-09-05,2012-09-05,0000,2012-09-05,0000,,,
1241 DICKINSON DR,,12006883,1,ZOA,TRESPASS WARNING,07U,2012-09-04,2012-09-04,1251,2012-09-04,1252,,,
1535 LEVANTE AV,,12006894,1,PRC,PROPERTY DAMAGED,07U,2012-09-05,2012-09-05,1630,2012-09-05,0830,,,
1306 STANFORD DR,,12006897,1,THF,THEFT FROM STRUCTURE  WITH LEGAL ACCESS / PUBLIC BUILDING,07U,2012-09-05,2012-09-05,1950,2012-09-05,1951,881,893977.70700000005,504530.68099999998
1306 STANFORD DR,121,12006914,1,XOO,EXTORTION / BLACKMAIL,07U,2012-09-06,2012-09-06,1402,2012-09-06,1300,,,
1500 CORNICHE AV,BLK,12006920,1,PRB,PROPERTY LOST,07U,2012-09-06,2012-09-06,1130,2012-09-06,1200,,,
1300 CAMPO SANO AV,BLK,12006930,1,VEB,VEHICLE HIT & RUN,07U,2012-09-07,2012-09-07,0400,2012-09-07,0417,,,
1111 MEMORIAL DR,102,12006937,1,THF,THEFT FROM STRUCTURE  WITH LEGAL ACCESS / PUBLIC BUILDING,07U,2012-09-07,2012-09-07,1800,2012-09-06,1400,18,894105.66599999997,505505.27299999999
1300 MEMORIAL DR,,12006944,1,VEI,VEHICLE PARKING OFFENSE / SCOFF LAW,07U,2012-09-07,2012-09-07,0000,2012-09-07,0000,,,
1200 WALSH AV,BLK,12006945,1,VEG,VEHICLE / VESSEL STOLEN RECOVERY,07U,2012-09-07,2012-09-07,1603,2012-09-07,1603,,,
1311 MILLER DR,,12006948,2,FRL,FRAUD OTHER JURISDICTION,07U,2012-09-07,2012-09-07,0745,2012-09-07,0900,,,
1311 MILLER DR,,12006948,1,THK,THEFT OTHER,07U,2012-09-07,2012-09-07,0745,2012-09-07,0900,10,893159.37199999997,504798.79599999997
5185 PONCE DE LEON BLVD,315,12006949,2,DIA,DISTURBANCE DOMESTIC,07U,2012-09-07,2012-09-07,2000,2012-08-27,2001,,,
5185 PONCE DE LEON BLVD,315,12006949,1,SCA,SIMPLE BATTERY,07U,2012-09-07,2012-09-07,2000,2012-08-27,2001,130,895341.32,504085.989
1311 MILLER DR,,12006954,1,PRA,PROPERTY FOUND / IMPOUNDED,07U,2012-09-07,2012-09-07,1725,2012-09-07,1725,,,
6000 SAN AMARO DR,BLK,12006956,1,VEI,VEHICLE PARKING OFFENSE / SCOFF LAW,07U,2012-09-07,2012-09-07,0000,2012-09-07,0000,,,
1500 ALBENGA AV,BLK,12006977,1,VEL,VEHICLE TRAFFIC CRASH,07U,2012-09-08,2012-09-08,0000,2012-09-08,0000,,,
1306 STANFORD DR,,12007012,1,PRB,PROPERTY LOST,07U,2012-09-10,2012-09-10,1100,2012-09-10,1205,878,893889.96,504561.56300000002
5600 GEORGE E MERRICK ST,21H,12007015,1,ZOJ,BAKER / MARCHMAN ACT,07U,2012-09-10,2012-09-10,1352,2012-09-10,1406,,,
1231 DICKINSON DR,708PT,12007030,2,PRA,PROPERTY FOUND / IMPOUNDED,07U,2012-09-11,2012-09-11,0042,2012-09-11,0042,,,
1231 DICKINSON DR,708PT,12007030,1,ZOQ,ULEAD,07U,2012-09-11,2012-09-11,0042,2012-09-11,0042,,,
1300 MEMORIAL DR,,12007034,1,VEI,VEHICLE PARKING OFFENSE / SCOFF LAW,07U,2012-09-11,2012-09-11,0000,2012-09-11,0000,,,
5199 PONCE DE LEON BLVD/STANFORD DR,,12007053,1,VEL,VEHICLE TRAFFIC CRASH,07U,2012-09-11,2012-09-11,0000,2012-09-11,0000,,,
5665 PONCE DE LEON BLVD,,12007054,1,THK,THEFT OTHER,07U,2012-09-11,2012-09-11,2230,2012-09-11,1530,123,893056.50699999998,501950.05499999999
1241 DICKINSON DR,,12007062,1,TVE,THEFT OF BICYCLE,07U,2012-09-11,2012-09-11,1500,2012-09-11,2030,788,892878.81700000004,503232.52399999998
1239 DICKINSON DR,,12007064,1,VEI,VEHICLE PARKING OFFENSE / SCOFF LAW,07U,2012-09-12,2012-09-12,2340,2012-09-11,2341,,,
1204 DICKINSON DR,,12007069,1,ZOA,TRESPASS WARNING,07U,2012-09-12,2012-09-12,0812,2012-09-12,0912,61,893997.68799999997,503562.033
1239 DICKINSON DR,,12007074,1,PRA,PROPERTY FOUND / IMPOUNDED,07U,2012-09-12,2012-09-12,1145,2012-09-12,1146,72,893156.39199999999,503434.00900000002
1111 MEMORIAL DR,318,12007082,1,THF,THEFT FROM STRUCTURE  WITH LEGAL ACCESS / PUBLIC BUILDING,07U,2012-09-12,2012-09-12,1900,2012-09-12,0900,18,894105.66599999997,505505.27299999999
1111 MEMORIAL DR,318,12007082,2,ZOA,TRESPASS WARNING,07U,2012-09-12,2012-09-12,1900,2012-09-12,0900,18,894105.66599999997,505505.27299999999
1300 STANFORD DR,BLK,12007093,1,FDD,FD SICK/INJURED PERSON,07U,2012-09-12,2012-09-12,1850,2012-09-12,1850,,,
1306 STANFORD DR,,12007101,1,PRB,PROPERTY LOST,07U,2012-09-12,2012-09-12,1415,2012-09-12,1700,886,893970.34400000004,504390.185
1300 CAMPO SANO AV,,12007109,1,VEL,VEHICLE TRAFFIC CRASH,07U,2012-09-13,2012-09-13,0000,2012-09-13,0000,678,893872.04599999997,506112.91600000003
5050 BRUNSON DR,,12007111,1,VEI,VEHICLE PARKING OFFENSE / SCOFF LAW,07U,2012-09-13,2012-09-13,0000,2012-09-13,0000,,,
1238 DICKINSON DR,,12007113,1,VEI,VEHICLE PARKING OFFENSE / SCOFF LAW,07U,2012-09-13,2012-09-13,0000,2012-09-13,0000,,,
1300 MEMORIAL DR,,12007120,1,VEI,VEHICLE PARKING OFFENSE / SCOFF LAW,07U,2012-09-13,2012-09-13,0000,2012-09-13,0000,,,
1300 MEMORIAL DR,,12007123,1,VEI,VEHICLE PARKING OFFENSE / SCOFF LAW,07U,2012-09-13,2012-09-13,0000,2012-09-13,0000,,,
5199 PONCE DE LEON BLVD/STANFORD DR,,12007131,1,VEL,VEHICLE TRAFFIC CRASH,07U,2012-09-13,2012-09-13,0000,2012-09-13,0000,,,
5821 SAN AMARO DR,,12007134,1,SXF,SEXUAL LEWD / LASCIVIOUS ACT,07U,2012-09-14,2012-09-14,2030,2012-09-13,2040,588,892177.79500000004,502918.212
5821 SAN AMARO DR,,12007134,2,ZOA,TRESPASS WARNING,07U,2012-09-14,2012-09-14,2030,2012-09-13,2040,588,892177.79500000004,502918.212
1231 DICKINSON DR,MT 621,12007138,1,ZOM,INTOXICATED PERSON,07U,2012-09-14,2012-09-14,0220,2012-09-14,0220,72,893156.39199999999,503434.00900000002
1231 DICKINSON DR,,12007141,1,ZOM,INTOXICATED PERSON,07U,2012-09-14,2012-09-14,0000,2012-09-14,0230,,,
1239 DICKINSON DR,RT 717,12007142,1,ZOM,INTOXICATED PERSON,07U,2012-09-14,2012-09-14,0320,2012-09-14,0325,73,892981.07499999995,503526.10499999998
1239 DICKINSON DR,,12007145,1,VEL,VEHICLE TRAFFIC CRASH,07U,2012-09-14,2012-09-14,0000,2012-09-14,0000,,,
1527 ALBENGA AV,406A,12007159,2,DIA,DISTURBANCE DOMESTIC,07U,2012-09-14,2012-09-14,1415,2012-09-14,1415,,,
1527 ALBENGA AV,406A,12007159,1,SCA,SIMPLE BATTERY,07U,2012-09-14,2012-09-14,1415,2012-09-14,1415,111,892024.495,502487.71799999999
1231 DICKINSON DR,PT 911,12007194,2,PRA,PROPERTY FOUND / IMPOUNDED,07U,2012-09-16,2012-09-16,1235,2012-09-15,1236,71,893300.82700000005,503382.65600000002
1231 DICKINSON DR,PT 911,12007194,1,ZOQ,ULEAD,07U,2012-09-16,2012-09-16,1235,2012-09-15,1236,71,893300.82700000005,503382.65600000002
1549 S ALHAMBRA CIR/PONCE DE LEON BLVD,,12007201,1,VEL,VEHICLE TRAFFIC CRASH,07U,2012-09-16,2012-09-16,0000,2012-09-16,0000,,,
5050 BRUNSON DR,,12007208,1,VEI,VEHICLE PARKING OFFENSE / SCOFF LAW,07U,2012-09-17,2012-09-17,0000,2012-09-17,0000,,,
1306 STANFORD DR,,12007212,1,VEI,VEHICLE PARKING OFFENSE / SCOFF LAW,07U,2012-09-17,2012-09-17,0000,2012-09-17,0000,,,
5500 SAN AMARO DR,,12007235,1,SCB,SIMPLE ASSAULT / THREATS,07U,2012-09-17,2012-09-17,2130,2012-09-17,2140,,,
1239 DICKINSON DR,WT 808,12007236,1,BUA,BURGLARY RESIDENTIAL,07U,2012-09-17,2012-09-17,1515,2012-09-17,1700,74,892974.25199999998,503706.15500000003
1239 DICKINSON DR,WT 808,12007236,2,THM,THEFT FROM BURGLARY,07U,2012-09-17,2012-09-17,1515,2012-09-17,1700,74,892974.25199999998,503706.15500000003
1228 DICKINSON DR,,12007247,1,VEI,VEHICLE PARKING OFFENSE / SCOFF LAW,07U,2012-09-18,2012-09-18,0000,2012-09-18,0000,,,
1211 DICKINSON DR,,12007250,1,VEI,VEHICLE PARKING OFFENSE / SCOFF LAW,07U,2012-09-18,2012-09-18,0000,2012-09-18,0000,,,
1300 MEMORIAL DR,,12007254,1,VEI,VEHICLE PARKING OFFENSE / SCOFF LAW,07U,2012-09-18,2012-09-18,0000,2012-09-18,0000,,,
1535 LEVANTE AV,,12007255,1,VEI,VEHICLE PARKING OFFENSE / SCOFF LAW,07U,2012-09-18,2012-09-18,0000,2012-09-18,0000,,,
1239 DICKINSON DR,,12007269,1,TVE,THEFT OF BICYCLE,07U,2012-09-18,2012-09-18,1921,2012-09-18,1922,74,892974.25199999998,503706.15500000003
1231 DICKINSON DR,MT921,12007273,2,PRA,PROPERTY FOUND / IMPOUNDED,07U,2012-09-18,2012-09-18,2330,2012-09-18,2331,70,893261.76699999999,503552.82699999999
1231 DICKINSON DR,MT921,12007273,1,ZOQ,ULEAD,07U,2012-09-18,2012-09-18,2330,2012-09-18,2331,70,893261.76699999999,503552.82699999999
5185 PONCE DE LEON BLVD,,12007280,1,THK,THEFT OTHER,07U,2012-09-19,2012-09-19,0803,2012-09-19,0805,130,895341.32,504085.989
1560 LIGURIA AV,203,12007292,1,DIA,DISTURBANCE DOMESTIC,07U,2012-09-19,2012-09-19,1245,2012-09-19,1255,,,
1560 LIGURIA AV,203,12007292,2,ZOA,TRESPASS WARNING,07U,2012-09-19,2012-09-19,1245,2012-09-19,1255,,,
1213 WALSH AV,,12007294,1,VEI,VEHICLE PARKING OFFENSE / SCOFF LAW,07U,2012-09-19,2012-09-19,0000,2012-09-19,0000,,,
1320 S DIXIE HWY,,12007295,1,XOO,EXTORTION / BLACKMAIL,07U,2012-09-19,2012-09-19,1537,2012-09-19,1540,,,
5801 PONCE DE LEON BLVD,201,12007296,1,BUB,BURGLARY NON-RESIDENTIAL,07U,2012-09-19,2012-09-19,1545,2012-09-19,1559,91,892276.28300000005,501189.15100000001
5801 PONCE DE LEON BLVD,201,12007296,1,THM,THEFT FROM BURGLARY,07U,2012-09-19,2012-09-19,1545,2012-09-19,1559,91,892276.28300000005,501189.15100000001
1311 MILLER DR,,12007314,1,PRA,PROPERTY FOUND / IMPOUNDED,07U,2012-09-20,2012-09-20,0425,2012-09-20,0425,14,893381.554,504887.60600000003
5665 PONCE DE LEON BLVD,,12007328,1,VEL,VEHICLE TRAFFIC CRASH,07U,2012-09-20,2012-09-20,0000,2012-09-20,0000,,,
1300 MEMORIAL DR,,12007337,1,VEI,VEHICLE PARKING OFFENSE / SCOFF LAW,07U,2012-09-21,2012-09-21,0000,2012-09-21,0000,,,
1252 MEMORIAL DR,,12007340,1,PRB,PROPERTY LOST,07U,2012-09-21,2012-09-21,1753,2012-09-14,2300,,,
5183 PONCE DE LEON BLVD,,12007351,1,VAB,VANDALISM TO VEHICLE,07U,2012-09-21,2012-09-21,0200,2012-09-21,1315,,,
5250 UNIVERSITY DR,530,12007360,1,PRA,PROPERTY FOUND / IMPOUNDED,07U,2012-09-21,2012-09-21,1755,2012-09-21,1800,,,
1231 DICKINSON DR,,12007369,1,FDD,FD SICK/INJURED PERSON,07U,2012-09-21,2012-09-21,2255,2012-09-21,2300,,,
1241 DICKINSON DR,,12007388,1,PRB,PROPERTY LOST,07U,2012-09-22,2012-09-22,2238,2012-09-21,2338,,,
1239 DICKINSON DR,WT 605,12007393,2,PRA,PROPERTY FOUND / IMPOUNDED,07U,2012-09-23,2012-09-23,2338,2012-09-22,2340,74,892974.25199999998,503706.15500000003
1239 DICKINSON DR,WT 605,12007393,1,ZOQ,ULEAD,07U,2012-09-23,2012-09-23,2338,2012-09-22,2340,74,892974.25199999998,503706.15500000003
1400 MILLER RD,BLK,12007394,2,FDD,FD SICK/INJURED PERSON,07U,2012-09-23,2012-09-23,0030,2012-09-23,0047,,,
1400 MILLER RD,BLK,12007394,1,ZOM,INTOXICATED PERSON,07U,2012-09-23,2012-09-23,0030,2012-09-23,0047,,,
1101 STANFORD DR,,12007395,2,FDD,FD SICK/INJURED PERSON,07U,2012-09-23,2012-09-23,2100,2012-09-23,0045,47,895051.522,504006.97100000002
1101 STANFORD DR,,12007395,1,ZOM,INTOXICATED PERSON,07U,2012-09-23,2012-09-23,2100,2012-09-23,0045,47,895051.522,504006.97100000002
1231 DICKINSON DR,,12007398,2,FDD,FD SICK/INJURED PERSON,07U,2012-09-23,2012-09-23,0239,2012-09-23,0240,,,
1231 DICKINSON DR,,12007398,1,ZOM,INTOXICATED PERSON,07U,2012-09-23,2012-09-23,0239,2012-09-23,0240,,,
1530 LIGURIA AV,,12007399,1,TVA,THEFT OF AUTOMOBILE,07U,2012-09-23,2012-09-23,2000,2012-09-23,0230,323,891722.32200000004,501996.96
5801 SAN AMARO DR,,12007431,1,PRB,PROPERTY LOST,07U,2012-09-24,2012-09-24,1300,2012-09-21,1600,80,892360.52,503032.47899999999
1301 STANFORD DR,,12007433,1,VEI,VEHICLE PARKING OFFENSE / SCOFF LAW,07U,2012-09-24,2012-09-24,0000,2012-09-24,0000,,,
1300 MEMORIAL DR,7 FLR,12007443,1,THF,THEFT FROM STRUCTURE  WITH LEGAL ACCESS / PUBLIC BUILDING,07U,2012-09-24,2012-09-24,1400,2012-09-24,1415,16,893634.74199999997,505003.36800000002
1200 DICKINSON DR,,12007455,1,THB,THEFT OF AUTO PART / ACCESSORY,07U,2012-09-24,2012-09-24,1900,2012-09-24,2000,228,893952.75300000003,503532.31699999998
1200 DICKINSON DR,,12007455,2,VAB,VANDALISM TO VEHICLE,07U,2012-09-24,2012-09-24,1900,2012-09-24,2000,228,893952.75300000003,503532.31699999998
5615 PAVIA ST,,12007460,1,VEI,VEHICLE PARKING OFFENSE / SCOFF LAW,07U,2012-09-25,2012-09-25,0000,2012-09-25,0000,,,
5665 PONCE DE LEON BLVD,,12007471,1,VEI,VEHICLE PARKING OFFENSE / SCOFF LAW,07U,2012-09-25,2012-09-25,0000,2012-09-25,0000,,,
1241 DICKINSON DR,,12007476,1,VEI,VEHICLE PARKING OFFENSE / SCOFF LAW,07U,2012-09-25,2012-09-25,0000,2012-09-25,0000,,,
5665 PONCE DE LEON BLVD,,12007499,1,PRA,PROPERTY FOUND / IMPOUNDED,07U,2012-09-26,2012-09-26,1430,2012-09-26,1400,,,
1300 MEMORIAL DR,,12007501,1,VEI,VEHICLE PARKING OFFENSE / SCOFF LAW,07U,2012-09-26,2012-09-26,0000,2012-09-26,0000,,,
1239 DICKINSON DR,RT 7 FLOOR,12007515,1,ZOD,INCIDENT REPORT,07U,2012-09-26,2012-09-26,0800,2012-09-22,1400,,,
1231 DICKINSON DR,,12007517,2,PRA,PROPERTY FOUND / IMPOUNDED,07U,2012-09-27,2012-09-27,0045,2012-09-27,0430,,,
1231 DICKINSON DR,,12007517,1,ZOQ,ULEAD,07U,2012-09-27,2012-09-27,0045,2012-09-27,0430,,,
1241 DICKINSON DR,,12007521,1,VEI,VEHICLE PARKING OFFENSE / SCOFF LAW,07U,2012-09-27,2012-09-27,0000,2012-09-27,0000,,,
1301 MEMORIAL DR,,12007528,1,TVE,THEFT OF BICYCLE,07U,2012-09-27,2012-09-27,0900,2012-09-17,1900,446,893492.70700000005,505262.33299999998
1231 DICKINSON DR,,12007545,1,PRB,PROPERTY LOST,07U,2012-09-28,2012-09-28,2300,2012-09-28,0200,71,893300.82700000005,503382.65600000002
5250 UNIVERSITY DR,KE509,12007550,1,PRB,PROPERTY LOST,07U,2012-09-28,2012-09-28,1215,2012-09-24,0900,,,
1300 MEMORIAL DR,,12007557,1,VEI,VEHICLE PARKING OFFENSE / SCOFF LAW,07U,2012-09-28,2012-09-28,0000,2012-09-28,0000,,,
1500 LEVANTE AV,BLK,12007560,1,VEI,VEHICLE PARKING OFFENSE / SCOFF LAW,07U,2012-09-28,2012-09-28,0000,2012-09-28,0000,,,
1244 STANFORD DR,,12007570,1,PRB,PROPERTY LOST,07U,2012-09-28,2012-09-28,1833,2012-09-28,1834,,,
1306 STANFORD DR,,12007584,2,PRA,PROPERTY FOUND / IMPOUNDED,07U,2012-09-29,2012-09-29,1340,2012-09-29,1345,,,
1306 STANFORD DR,,12007584,2,ZOM,INTOXICATED PERSON,07U,2012-09-29,2012-09-29,1340,2012-09-29,1345,,,
1306 STANFORD DR,,12007584,1,ZOQ,ULEAD,07U,2012-09-29,2012-09-29,1340,2012-09-29,1345,,,
1306 STANFORD DR,,12007590,1,DRA,DRUG POSSESSION CONTROLLED SUBSTANCE,07U,2012-09-29,2012-09-29,0000,2012-09-29,1700,431,894146.33499999996,504536.40500000003
1306 STANFORD DR,,12007590,2,PRA,PROPERTY FOUND / IMPOUNDED,07U,2012-09-29,2012-09-29,0000,2012-09-29,1700,431,894146.33499999996,504536.40500000003
1245 DAUER DR,,12007596,1,FDD,FD SICK/INJURED PERSON,07U,2012-09-29,2012-09-29,2215,2012-09-29,2225,,,
1365 MEMORIAL DR,,12007610,1,VEL,VEHICLE TRAFFIC CRASH,07U,2012-09-30,2012-09-30,0000,2012-09-30,0000,,,
5513 GEORGE E MERRICK ST,,12007783,1,ASA,ASSIST LAW AGENCY,07U,2012-10-06,2012-10-06,1359,2012-10-06,1359,,,
1550 BRESCIA AV,,12008102,2,ASA,ASSIST LAW AGENCY,07U,2012-10-16,2012-10-16,1224,2012-10-16,1224,238,891786.47600000002,501402.777
5185 PONCE DE LEON BLVD,,12009650,1,ASA,ASSIST LAW AGENCY,07U,2012-12-05,2012-12-05,2058,2012-12-05,2235,,,
5665 PONCE DE LEON BLVD,,12009764,1,ASA,ASSIST LAW AGENCY,07U,2012-12-10,2012-12-09,0129,2012-12-09,0129,,,
1531 LIGURIA AV,4,12007840,1,BUA,BURGLARY RESIDENTIAL,07U,2012-10-08,2012-10-06,1500,2012-10-07,1600,395,893809.59,504742.57400000002
1231 DICKINSON DR,MT 1206,12009525,1,BUA,BURGLARY RESIDENTIAL,07U,2012-12-01,2012-11-10,0300,2012-11-10,1000,70,893261.76699999999,503552.82699999999
1101 STANFORD DR,702,12009645,1,BUA,BURGLARY RESIDENTIAL,07U,2012-12-05,2012-12-04,1930,2012-12-04,2100,129,895055.79700000002,504146.53700000001
5185 PONCE DE LEON BLVD,646,12009646,1,BUA,BURGLARY RESIDENTIAL,07U,2012-12-05,2012-12-04,0200,2012-12-04,2100,46,895313.53,504251.54700000002
5185 PONCE DE LEON BLVD,PRC 519,12009745,1,BUA,BURGLARY RESIDENTIAL,07U,2012-12-09,2012-12-08,2300,2012-12-09,1630,130,895341.32,504085.989
5250 UNIVERSITY DR,,12008097,1,BUB,BURGLARY NON-RESIDENTIAL,07U,2012-10-16,2012-10-12,1700,2012-10-16,1000,30,894450.64800000004,504671.13099999999
1231 DICKINSON DR,PT 113,12007864,1,BUC,BURGLARY AND THEFT FROM CURTILAGE,07U,2012-10-09,2012-10-08,0830,2012-10-08,1930,71,893300.82700000005,503382.65600000002
1245 DAUER DR,,12008248,1,DCC,DISORDERLY INTOXICATION,07U,2012-10-19,2012-10-19,2315,2012-10-19,2325,,,
5185 PONCE DE LEON BLVD,,12009575,1,DIA,DISTURBANCE DOMESTIC,07U,2012-12-03,2012-12-03,2006,2012-12-03,2007,607,895367.09600000002,504128.28899999999
1300 MEMORIAL DR,,12007892,1,DIB,DISTURBANCE OTHER,07U,2012-10-10,2012-10-10,0006,2012-10-10,0006,16,893634.74199999997,505003.36800000002
5185 PONCE DE LEON BLVD,,12008006,1,DIB,DISTURBANCE OTHER,07U,2012-10-13,2012-10-13,0341,2012-10-13,0342,131,895221.08200000005,503966.17599999998
5185 PONCE DE LEON BLVD,PT 231,12008264,2,DIB,DISTURBANCE OTHER,07U,2012-10-20,2012-10-20,0200,2012-10-20,0200,,,
1241 DICKINSON DR,,12008642,1,DIB,DISTURBANCE OTHER,07U,2012-11-01,2012-11-01,1528,2012-11-01,1528,,,
5250 UNIVERSITY DR,,12009598,1,DIB,DISTURBANCE OTHER,07U,2012-12-04,2012-12-04,1030,2012-12-04,1514,,,
5850 SAN AMARO DR,207,12009668,1,DIB,DISTURBANCE OTHER,07U,2012-12-06,2012-12-06,1430,2012-12-06,1458,,,
6100 SAN AMARO DR,BLK,12009498,1,DRA,DRUG POSSESSION CONTROLLED SUBSTANCE,07U,2012-11-30,2012-11-30,1048,2012-11-30,1049,,,
6100 SAN AMARO DR,BLK,12009498,2,DRF,DRUG POSSESSION OF PARAPHERNALIA / EQUIPMENT,07U,2012-11-30,2012-11-30,1048,2012-11-30,1049,,,
6100 SAN AMARO DR,BLK,12009498,2,FAL,FAMILY MISSING PERSON RECOVERY,07U,2012-11-30,2012-11-30,1048,2012-11-30,1049,,,
1251 MEMORIAL DR,108,12009601,1,FDC,FD OTHER FIRE,07U,2012-12-04,2012-12-04,1545,2012-12-04,1555,,,
1251 STANFORD DR,,12007715,1,FDD,FD SICK/INJURED PERSON,07U,2012-10-04,2012-10-04,0827,2012-10-04,0827,,,
5202 UNIVERSITY DR,,12007746,2,FDD,FD SICK/INJURED PERSON,07U,2012-10-04,2012-10-04,1700,2012-10-04,2100,570,894497.25300000003,504864.62800000003
1239 DICKINSON DR,,12007835,1,FDD,FD SICK/INJURED PERSON,07U,2012-10-08,2012-10-08,1217,2012-10-08,1218,76,892865.95600000001,503580.26199999999
5185 PONCE DE LEON BLVD,P204,12007999,1,FDD,FD SICK/INJURED PERSON,07U,2012-10-12,2012-10-12,2110,2012-10-12,2130,131,895221.08200000005,503966.17599999998
1314 MILLER DR,,12008189,1,FDD,FD SICK/INJURED PERSON,07U,2012-10-18,2012-10-18,2130,2012-10-18,2130,33,893377.17200000002,504450.17200000002
1239 DICKINSON DR,,12008193,1,FDD,FD SICK/INJURED PERSON,07U,2012-10-19,2012-10-19,0315,2012-10-19,0315,,,
1200 DICKINSON DR,BLK,12008244,2,FDD,FD SICK/INJURED PERSON,07U,2012-10-19,2012-10-19,2225,2012-10-19,2233,,,
1245 DAUER DR,,12008245,2,FDD,FD SICK/INJURED PERSON,07U,2012-10-19,2012-10-19,2226,2012-10-19,2227,,,
1231 DICKINSON DR,PT 918,12008246,2,FDD,FD SICK/INJURED PERSON,07U,2012-10-19,2012-10-19,2230,2012-10-19,2230,,,
1231 DICKINSON DR,,12008249,1,FDD,FD SICK/INJURED PERSON,07U,2012-10-20,2012-10-20,0010,2012-10-20,0017,,,
1231 DICKINSON DR,,12008250,2,FDD,FD SICK/INJURED PERSON,07U,2012-10-20,2012-10-20,0032,2012-10-20,0056,,,
1245 DAUER DR,,12008253,2,FDD,FD SICK/INJURED PERSON,07U,2012-10-20,2012-10-20,0005,2012-10-20,0005,,,
5501 SAN AMARO DR,,12008292,1,FDD,FD SICK/INJURED PERSON,07U,2012-10-21,2012-10-21,1910,2012-10-21,1910,,,
1239 DICKINSON DR,,12008936,2,FDD,FD SICK/INJURED PERSON,07U,2012-11-11,2012-11-10,2330,2012-11-11,0130,,,
1111 MEMORIAL DR,,12008954,1,FDD,FD SICK/INJURED PERSON,07U,2012-11-11,2012-11-11,2210,2012-11-11,2211,,,
1241 DICKINSON DR,,12008996,1,FDD,FD SICK/INJURED PERSON,07U,2012-11-12,2012-11-12,1919,2012-11-12,1919,,,
1231 DICKINSON DR,MT805,12009072,1,FDD,FD SICK/INJURED PERSON,07U,2012-11-15,2012-11-15,0415,2012-11-15,0420,,,
5185 PONCE DE LEON BLVD,105,12009389,1,FDD,FD SICK/INJURED PERSON,07U,2012-11-26,2012-11-26,2022,2012-11-26,2022,,,
1314 MILLER RD,,12009499,1,FDD,FD SICK/INJURED PERSON,07U,2012-11-30,2012-11-30,1230,2012-11-30,1235,,,
1244 STANFORD DR,,12009501,1,FDD,FD SICK/INJURED PERSON,07U,2012-11-30,2012-11-30,1315,2012-11-30,1315,,,
1231 DICKINSON DR,,12009652,1,FDD,FD SICK/INJURED PERSON,07U,2012-12-06,2012-12-06,0634,2012-12-06,0635,,,
1111 MEMORIAL DR,110,12009692,2,FDD,FD SICK/INJURED PERSON,07U,2012-12-07,2012-12-07,1155,2012-12-07,1157,,,
1231 DICKINSON DR,,12009787,1,FDD,FD SICK/INJURED PERSON,07U,2012-12-10,2012-12-10,2018,2012-12-10,2018,,,
1241 DICKINSON DR,,12010179,1,FDD,FD SICK/INJURED PERSON,07U,2012-12-26,2012-12-26,1355,2012-12-26,1355,,,
5665 PONCE DE LEON BLVD,,12008011,1,FRD,FRAUD BY CREDIT CARD / ATM,07U,2012-10-13,2012-10-10,1700,2012-10-12,1400,,,
1300 STANFORD DR,BLK,12007623,1,FRG,FRAUD POSSESSION OF COUNTERFEIT,07U,2012-10-01,2012-09-29,1430,2012-09-29,1430,,,
1527 ALBENGA AV,,12007796,1,FRL,FRAUD OTHER JURISDICTION,07U,2012-10-06,2012-10-05,2130,2012-10-05,2230,,,
5665 PONCE DE LEON BLVD,,12008216,1,FRL,FRAUD OTHER JURISDICTION,07U,2012-10-19,2012-10-16,0000,2012-10-16,1236,,,
1239 DICKINSON DR,,12008237,1,FRL,FRAUD OTHER JURISDICTION,07U,2012-10-19,2012-10-11,1800,2012-10-12,1100,74,892974.25199999998,503706.15500000003
5665 PONCE DE LEON BLVD,,12008436,1,FRL,FRAUD OTHER JURISDICTION,07U,2012-10-25,2012-10-09,1830,2012-10-23,1553,,,
5665 PONCE DE LEON BLVD,,12008880,1,FRL,FRAUD OTHER JURISDICTION,07U,2012-11-09,2012-10-31,1317,2012-10-31,1357,,,
5665 PONCE DE LEON BLVD,,12009265,1,FRL,FRAUD OTHER JURISDICTION,07U,2012-11-21,2012-11-15,0800,2012-11-19,0800,,,
1300 MEMORIAL DR,,12009669,1,FRL,FRAUD OTHER JURISDICTION,07U,2012-12-06,2012-12-06,1545,2012-12-06,1545,,,
1101 STANFORD DR,331,12009863,1,FRL,FRAUD OTHER JURISDICTION,07U,2012-12-13,2012-12-06,0000,2012-12-12,2200,,,
5665 PONCE DE LEON BLVD,,12010224,1,FRL,FRAUD OTHER JURISDICTION,07U,2012-12-28,2012-12-28,1338,2012-12-28,1348,,,
1300 STANFORD DR,BLK,12007622,2,PRA,PROPERTY FOUND / IMPOUNDED,07U,2012-10-01,2012-10-01,0818,2012-10-01,0818,,,
1300 STANFORD DR,BLK,12007623,2,PRA,PROPERTY FOUND / IMPOUNDED,07U,2012-10-01,2012-09-29,1430,2012-09-29,1430,,,
1231 DICKINSON DR,,12007653,2,PRA,PROPERTY FOUND / IMPOUNDED,07U,2012-10-01,2012-10-01,2320,2012-10-01,2320,70,893261.76699999999,503552.82699999999
1239 DICKINSON DR,WT708,12007930,2,PRA,PROPERTY FOUND / IMPOUNDED,07U,2012-10-10,2012-10-10,2100,2012-10-10,2245,74,892974.25199999998,503706.15500000003
1245 DAUER DR,BLK,12007943,1,PRA,PROPERTY FOUND / IMPOUNDED,07U,2012-10-11,2012-10-11,1303,2012-10-11,1303,,,
1231 DICKINSON DR,M412,12008047,2,PRA,PROPERTY FOUND / IMPOUNDED,07U,2012-10-15,2012-10-15,0040,2012-10-15,0040,,,
1550 BRESCIA AV,,12008102,2,PRA,PROPERTY FOUND / IMPOUNDED,07U,2012-10-16,2012-10-16,1224,2012-10-16,1224,238,891786.47600000002,501402.777
1239 DICKINSON DR,WT318,12008121,2,PRA,PROPERTY FOUND / IMPOUNDED,07U,2012-10-16,2012-10-16,2030,2012-10-16,2040,,,
1239 DICKINSON DR,,12008122,2,PRA,PROPERTY FOUND / IMPOUNDED,07U,2012-10-17,2012-10-16,1800,2012-10-16,1934,,,
1245 DAUER DR,,12008248,2,PRA,PROPERTY FOUND / IMPOUNDED,07U,2012-10-19,2012-10-19,2315,2012-10-19,2325,,,
1200 DICKINSON DR,BLK,12008254,2,PRA,PROPERTY FOUND / IMPOUNDED,07U,2012-10-20,2012-10-20,0120,2012-10-20,0120,,,
1241 DICKINSON DR,,12008323,2,PRA,PROPERTY FOUND / IMPOUNDED,07U,2012-10-22,2012-10-22,1531,2012-10-22,1545,,,
5250 UNIVERSITY DR,,12008336,1,PRA,PROPERTY FOUND / IMPOUNDED,07U,2012-10-22,2012-10-22,2330,2012-10-22,2331,,,
1231 DICKINSON DR,MT1210,12008446,2,PRA,PROPERTY FOUND / IMPOUNDED,07U,2012-10-25,2012-10-25,2200,2012-10-25,2205,,,
1231 DICKINSON DR,MT1219,12008657,1,PRA,PROPERTY FOUND / IMPOUNDED,07U,2012-11-02,2012-11-02,0115,2012-11-02,0120,,,
5501 SAN AMARO DR,,12008660,1,PRA,PROPERTY FOUND / IMPOUNDED,07U,2012-11-02,2012-11-02,0750,2012-11-02,0750,,,
1239 DICKINSON DR,WT506,12009216,2,PRA,PROPERTY FOUND / IMPOUNDED,07U,2012-11-19,2012-11-19,1755,2012-11-19,1756,74,892974.25199999998,503706.15500000003
1570 LIGURIA AV,105A,12009217,2,PRA,PROPERTY FOUND / IMPOUNDED,07U,2012-11-19,2012-11-19,1845,2012-11-19,1845,102,891475.59199999995,501707.87099999998
1570 LIGURIA AV,UV 7-311,12009221,2,PRA,PROPERTY FOUND / IMPOUNDED,07U,2012-11-19,2012-11-19,2220,2012-11-19,2240,102,891475.59199999995,501707.87099999998
1239 DICKINSON DR,WT804,12009256,2,PRA,PROPERTY FOUND / IMPOUNDED,07U,2012-11-21,2012-11-21,0050,2012-11-21,0120,74,892974.25199999998,503706.15500000003
1239 DICKINSON DR,W404,12009297,2,PRA,PROPERTY FOUND / IMPOUNDED,07U,2012-11-21,2012-11-21,2030,2012-11-21,2030,74,892974.25199999998,503706.15500000003
5665 PONCE DE LEON BLVD,,12009412,1,PRA,PROPERTY FOUND / IMPOUNDED,07U,2012-11-27,2012-11-27,1432,2012-11-27,1432,,,
1239 DICKINSON DR,,12009440,1,PRA,PROPERTY FOUND / IMPOUNDED,07U,2012-11-28,2012-11-28,1334,2012-11-28,1334,,,
6100 SAN AMARO DR,BLK,12009498,2,PRA,PROPERTY FOUND / IMPOUNDED,07U,2012-11-30,2012-11-30,1048,2012-11-30,1049,,,
1111 MEMORIAL DR,110,12009692,1,PRA,PROPERTY FOUND / IMPOUNDED,07U,2012-12-07,2012-12-07,1155,2012-12-07,1157,,,
5501 SAN AMARO DR,,12009752,2,PRA,PROPERTY FOUND / IMPOUNDED,07U,2012-12-09,2012-12-09,1500,2012-12-09,2210,,,
1311 MILLER DR,,12009754,1,PRA,PROPERTY FOUND / IMPOUNDED,07U,2012-12-09,2012-12-09,2320,2012-12-09,2320,,,
1211 DICKINSON DR,410,12009872,1,PRA,PROPERTY FOUND / IMPOUNDED,07U,2012-12-13,2012-12-13,1400,2012-12-13,1400,,,
1239 DICKINSON DR,RT-317,12009874,1,PRA,PROPERTY FOUND / IMPOUNDED,07U,2012-12-13,2012-12-13,1408,2012-12-13,1408,,,
1239 DICKINSON DR,RT-519,12009875,1,PRA,PROPERTY FOUND / IMPOUNDED,07U,2012-12-13,2012-12-13,1500,2012-12-13,1500,,,
1231 DICKINSON DR,MT1214,12009881,1,PRA,PROPERTY FOUND / IMPOUNDED,07U,2012-12-13,2012-12-13,1609,2012-12-13,1609,,,
1239 DICKINSON DR,708 WT,12009902,1,PRA,PROPERTY FOUND / IMPOUNDED,07U,2012-12-14,2012-12-14,1420,2012-12-14,1430,,,
5030 BRUNSON DR,,12009972,2,PRA,PROPERTY FOUND / IMPOUNDED,07U,2012-12-17,2012-12-17,1512,2012-12-17,1512,,,
1231 DICKINSON DR,PT911,12010005,,PRA,PROPERTY FOUND / IMPOUNDED,07U,2012-12-18,2012-12-18,1500,2012-12-18,1500,,,
1300 MEMORIAL DR,,12010029,1,PRA,PROPERTY FOUND / IMPOUNDED,07U,2012-12-19,2012-12-11,0830,2012-12-19,1352,,,
1314 MILLER DR,,12010030,1,PRA,PROPERTY FOUND / IMPOUNDED,07U,2012-12-19,2012-12-19,1511,2012-12-19,1511,,,
5665 PONCE DE LEON BLVD,,12010047,1,PRA,PROPERTY FOUND / IMPOUNDED,07U,2012-12-20,2012-12-20,0800,2012-12-20,0800,,,
1300 MEMORIAL DR,,12007747,1,PRB,PROPERTY LOST,07U,2012-10-04,2012-10-04,2105,2012-10-04,2107,16,893634.74199999997,505003.36800000002
1585 ALBENGA AV,111,12007830,1,PRB,PROPERTY LOST,07U,2012-10-08,2012-10-07,0050,2012-10-07,0100,107,891478.31499999994,502478.739
1306 STANFORD DR,,12007916,1,PRB,PROPERTY LOST,07U,2012-10-10,2012-10-09,1700,2012-10-09,2200,,,
1231 DICKINSON DR,,12007980,1,PRB,PROPERTY LOST,07U,2012-10-12,2012-10-11,0830,2012-10-11,1130,,,
5250 UNIVERSITY DR,209,12008032,1,PRB,PROPERTY LOST,07U,2012-10-14,2012-10-09,1800,2012-10-09,2015,,,
1300 MEMORIAL DR,BLK,12008066,1,PRB,PROPERTY LOST,07U,2012-10-15,2012-10-09,1045,2012-10-09,1055,551,893836.804,505424.38
1231 DICKINSON DR,,12008085,1,PRB,PROPERTY LOST,07U,2012-10-15,2012-10-15,0955,2012-10-15,1005,,,
5030 BRUNSON DR,,12008112,1,PRB,PROPERTY LOST,07U,2012-10-16,2012-10-16,1345,2012-10-16,1400,649,894115.23400000005,505671.47899999999
1111 MEMORIAL DR,RM:115,12008140,1,PRB,PROPERTY LOST,07U,2012-10-17,2012-10-16,1940,2012-10-17,0100,,,
5185 PONCE DE LEON BLVD,,12008306,1,PRB,PROPERTY LOST,07U,2012-10-22,2012-10-19,2230,2012-10-20,0038,48,895121.18,504205.408
1245 DAUER DR,,12008347,1,PRB,PROPERTY LOST,07U,2012-10-23,2012-10-19,2200,2012-10-20,0000,,,
5185 PONCE DE LEON BLVD,,12008410,1,PRB,PROPERTY LOST,07U,2012-10-25,2012-10-25,0215,2012-10-25,0800,,,
1306 STANFORD DR,,12008485,1,PRB,PROPERTY LOST,07U,2012-10-26,2012-10-26,1730,2012-10-26,1915,889,893849.723,504355.50400000002
5665 PONCE DE LEON BLVD,,12008646,1,PRB,PROPERTY LOST,07U,2012-11-01,2012-10-31,1645,2012-10-31,1715,122,892871.05299999996,501865.95600000001
1111 MEMORIAL DR,,12008724,1,PRB,PROPERTY LOST,07U,2012-11-04,2012-11-02,1900,2012-11-03,1400,464,893907.79099999997,504982.73700000002
1306 STANFORD DR,,12008751,1,PRB,PROPERTY LOST,07U,2012-11-05,2012-11-05,1310,2012-11-05,1330,,,
1311 MILLER DR,,12008848,1,PRB,PROPERTY LOST,07U,2012-11-08,2012-10-24,1200,2012-10-25,1000,,,
5030 BRUNSON DR,,12008915,1,PRB,PROPERTY LOST,07U,2012-11-10,2012-11-10,1200,2012-11-10,1210,19,894255.06599999999,505594.31900000002
1239 DICKINSON DR,,12008922,1,PRB,PROPERTY LOST,07U,2012-11-10,2012-11-10,0030,2012-11-10,0130,74,892974.25199999998,503706.15500000003
1306 STANFORD DR,,12009036,1,PRB,PROPERTY LOST,07U,2012-11-13,2012-11-13,1700,2012-11-13,1800,,,
1223 DICKINSON DR,,12009083,1,PRB,PROPERTY LOST,07U,2012-11-15,2012-11-14,0100,2012-11-14,0400,,,
5100 BRUNSON DR,2054,12009213,1,PRB,PROPERTY LOST,07U,2012-11-19,2012-11-19,1630,2012-11-19,1710,,,
1300 MEMORIAL DR,,12009580,1,PRB,PROPERTY LOST,07U,2012-12-03,2012-12-03,1930,2012-12-03,2315,,,
1535 LEVANTE AV,101,12009592,1,PRB,PROPERTY LOST,07U,2012-12-04,2012-11-15,1430,2012-11-19,0600,,,
1350 MILLER DR,125,12009964,1,PRB,PROPERTY LOST,07U,2012-12-17,2012-11-01,0800,2012-11-08,0800,,,
1306 STANFORD DR,,12008371,1,PRC,PROPERTY DAMAGED,07U,2012-10-24,2012-10-24,1155,2012-10-24,1155,,,
1245 DAUER DR,,12008248,1,SCA,SIMPLE BATTERY,07U,2012-10-19,2012-10-19,2315,2012-10-19,2325,65,893424.071,502854.73300000001
1231 DICKINSON DR,,12008620,1,SCA,SIMPLE BATTERY,07U,2012-10-31,2012-10-31,2150,2012-10-31,2205,72,893156.39199999999,503434.00900000002
1239 DICKINSON DR,,12009170,1,SCA,SIMPLE BATTERY,07U,2012-11-18,2012-11-18,1615,2012-11-18,1635,76,892865.95600000001,503580.26199999999
1540 LEVANTE AV,,12007692,1,SCE,SIMPLE HARASSMENT,07U,2012-10-03,2012-09-17,0800,2012-10-03,1100,92,892004.78300000005,501116.19300000003
1530 LIGURIA AV,,12007842,1,SCE,SIMPLE HARASSMENT,07U,2012-10-08,2012-08-31,1700,2012-10-08,1547,,,
5185 PONCE DE LEON BLVD,PT 231,12008264,1,SCE,SIMPLE HARASSMENT,07U,2012-10-20,2012-10-20,0200,2012-10-20,0200,,,
5030 BRUNSON DR,,12008411,1,SCE,SIMPLE HARASSMENT,07U,2012-10-25,2012-10-22,0958,2012-10-22,0958,,,
1204 DICKINSON DR,37B,12008761,1,SCE,SIMPLE HARASSMENT,07U,2012-11-06,2012-09-15,0900,2012-11-05,1650,,,
1550 BRESCIA AV,,12008102,1,STA,STOLEN PROPERTY POSSESSION,07U,2012-10-16,2012-10-16,1224,2012-10-16,1224,238,891786.47600000002,501402.777
1245 DAUER DR,,12007711,1,THC,THEFT FROM MOTOR VEHICLE,07U,2012-10-04,2012-10-03,1730,2012-10-04,0400,827,893630.26300000004,502583.19099999999
1500 SCODELLA AV,BLK,12007963,1,THC,THEFT FROM MOTOR VEHICLE,07U,2012-10-12,2012-10-11,2200,2012-10-12,0305,265,891871.48699999996,501479.32199999999
5100 BRUNSON DR,,12008548,1,THC,THEFT FROM MOTOR VEHICLE,07U,2012-10-29,2012-10-29,1220,2012-10-29,1330,786,892625.40500000003,503504.70400000003
1301 MEMORIAL DR,,12008658,1,THC,THEFT FROM MOTOR VEHICLE,07U,2012-11-02,2012-09-29,0130,2012-10-05,0030,549,893519.65899999999,505776.60499999998
1241 DICKINSON DR,,12008847,1,THC,THEFT FROM MOTOR VEHICLE,07U,2012-11-08,2012-11-06,1000,2012-11-07,1030,791,893123.01800000004,502952.049
5300 CARILLO ST,BLK,12009415,1,THC,THEFT FROM MOTOR VEHICLE,07U,2012-11-27,2012-11-27,1450,2012-11-27,1455,742,895542.42299999995,504620.51500000001
1241 DICKINSON DR,,12009543,1,THC,THEFT FROM MOTOR VEHICLE,07U,2012-12-02,2012-12-02,1128,2012-12-02,1228,758,893113.84400000004,502777.005
1241 DICKINSON DR,,12010217,1,THC,THEFT FROM MOTOR VEHICLE,07U,2012-12-28,2012-12-28,1245,2012-12-28,1430,756,892939.68,502970.43400000001
1241 DICKINSON DR,,12010220,1,THC,THEFT FROM MOTOR VEHICLE,07U,2012-12-28,2012-12-28,1325,2012-12-28,1530,722,892948.01,502794.47200000001
1241 DICKINSON DR,,12010243,1,THC,THEFT FROM MOTOR VEHICLE,07U,2012-12-29,2012-12-29,1715,2012-12-29,1915,658,892843.49800000002,502558.60200000001
1241 DICKINSON DR,,12007678,1,THF,THEFT FROM STRUCTURE  WITH LEGAL ACCESS / PUBLIC BUILDING,07U,2012-10-02,2012-10-02,1450,2012-10-02,1545,81,892858.31700000004,503002.52299999999
1306 STANFORD DR,,12007696,1,THF,THEFT FROM STRUCTURE  WITH LEGAL ACCESS / PUBLIC BUILDING,07U,2012-10-03,2012-09-26,1700,2012-09-26,1900,897,893975.39899999998,504486.64500000002
1300 MEMORIAL DR,,12007703,1,THF,THEFT FROM STRUCTURE  WITH LEGAL ACCESS / PUBLIC BUILDING,07U,2012-10-03,2012-10-03,1440,2012-10-03,1530,16,893634.74199999997,505003.36800000002
1241 DICKINSON DR,,12007738,1,THF,THEFT FROM STRUCTURE  WITH LEGAL ACCESS / PUBLIC BUILDING,07U,2012-10-04,2012-10-04,0000,2012-10-04,0200,81,892858.31700000004,503002.52299999999
1231 DICKINSON DR,301,12007958,1,THF,THEFT FROM STRUCTURE  WITH LEGAL ACCESS / PUBLIC BUILDING,07U,2012-10-11,2012-10-11,1215,2012-10-11,1400,71,893300.82700000005,503382.65600000002
1300 MEMORIAL DR,,12008184,1,THF,THEFT FROM STRUCTURE  WITH LEGAL ACCESS / PUBLIC BUILDING,07U,2012-10-18,2012-10-18,1630,2012-10-18,1630,16,893634.74199999997,505003.36800000002
1306 STANFORD DR,,12008301,1,THF,THEFT FROM STRUCTURE  WITH LEGAL ACCESS / PUBLIC BUILDING,07U,2012-10-22,2012-10-19,2200,2012-10-19,2345,881,893977.70700000005,504530.68099999998
6001 SAN AMARO DR,,12008403,1,THF,THEFT FROM STRUCTURE  WITH LEGAL ACCESS / PUBLIC BUILDING,07U,2012-10-24,2012-10-24,1800,2012-10-24,2100,87,892389.13100000005,501428.88400000002
1241 DICKINSON DR,,12008404,1,THF,THEFT FROM STRUCTURE  WITH LEGAL ACCESS / PUBLIC BUILDING,07U,2012-10-24,2012-10-24,2200,2012-10-24,2330,81,892858.31700000004,503002.52299999999
1306 STANFORD DR,,12008425,1,THF,THEFT FROM STRUCTURE  WITH LEGAL ACCESS / PUBLIC BUILDING,07U,2012-10-25,2012-10-24,1700,2012-10-24,1845,892,893994.26300000004,504525.60800000001
5100 BRUNSON DR,190,12008552,1,THF,THEFT FROM STRUCTURE  WITH LEGAL ACCESS / PUBLIC BUILDING,07U,2012-10-29,2012-10-29,1355,2012-10-29,1410,24,894706.67700000003,505424.42
5250 UNIVERSITY DR,,12008557,1,THF,THEFT FROM STRUCTURE  WITH LEGAL ACCESS / PUBLIC BUILDING,07U,2012-10-29,2012-10-29,1530,2012-10-29,1700,30,894450.64800000004,504671.13099999999
1311 MILLER DR,,12008583,1,THF,THEFT FROM STRUCTURE  WITH LEGAL ACCESS / PUBLIC BUILDING,07U,2012-10-30,2012-10-29,1600,2012-10-29,2000,10,893159.37199999997,504798.79599999997
1239 DICKINSON DR,,12008631,1,THF,THEFT FROM STRUCTURE  WITH LEGAL ACCESS / PUBLIC BUILDING,07U,2012-11-01,2012-10-31,1200,2012-10-31,1300,76,892865.95600000001,503580.26199999999
1244 STANFORD DR,,12008887,1,THF,THEFT FROM STRUCTURE  WITH LEGAL ACCESS / PUBLIC BUILDING,07U,2012-11-09,2012-11-09,1320,2012-11-09,1340,45,895022.70700000005,504471.212
1241 DICKINSON DR,,12009069,1,THF,THEFT FROM STRUCTURE  WITH LEGAL ACCESS / PUBLIC BUILDING,07U,2012-11-14,2012-11-14,2000,2012-11-14,2130,81,892858.31700000004,503002.52299999999
1231 DICKINSON DR,,12009118,1,THF,THEFT FROM STRUCTURE  WITH LEGAL ACCESS / PUBLIC BUILDING,07U,2012-11-16,2012-11-13,2030,2012-11-13,2300,72,893156.39199999999,503434.00900000002
1300 MEMORIAL DR,,12009482,1,THF,THEFT FROM STRUCTURE  WITH LEGAL ACCESS / PUBLIC BUILDING,07U,2012-11-29,2012-11-29,1743,2012-11-29,1800,16,893634.74199999997,505003.36800000002
1306 STANFORD DR,,12009588,1,THF,THEFT FROM STRUCTURE  WITH LEGAL ACCESS / PUBLIC BUILDING,07U,2012-12-04,2012-11-28,1645,2012-11-29,1000,897,893975.39899999998,504486.64500000002
1300 MEMORIAL DR,,12009633,1,THF,THEFT FROM STRUCTURE  WITH LEGAL ACCESS / PUBLIC BUILDING,07U,2012-12-05,2012-12-04,1930,2012-12-04,1945,16,893634.74199999997,505003.36800000002
1300 MEMORIAL DR,,12009694,1,THF,THEFT FROM STRUCTURE  WITH LEGAL ACCESS / PUBLIC BUILDING,07U,2012-12-07,2012-12-06,2000,2012-12-06,2030,16,893634.74199999997,505003.36800000002
1241 DICKINSON DR,,12009788,1,THF,THEFT FROM STRUCTURE  WITH LEGAL ACCESS / PUBLIC BUILDING,07U,2012-12-10,2012-12-10,2240,2012-12-10,2300,81,892858.31700000004,503002.52299999999
1507 LEVANTE AV,237,12009979,1,THF,THEFT FROM STRUCTURE  WITH LEGAL ACCESS / PUBLIC BUILDING,07U,2012-12-17,2012-12-17,1200,2012-12-17,1625,95,891853.24100000004,501275.31300000002
1541 BRESCIA AV,103,12009991,1,THF,THEFT FROM STRUCTURE  WITH LEGAL ACCESS / PUBLIC BUILDING,07U,2012-12-18,2012-12-17,0930,2012-12-17,1530,99,891580.03899999999,501686.75099999999
1541 BRESCIA AV,106,12010001,1,THF,THEFT FROM STRUCTURE  WITH LEGAL ACCESS / PUBLIC BUILDING,07U,2012-12-18,2012-12-16,1300,2012-12-17,1730,99,891580.03899999999,501686.75099999999
1231 DICKINSON DR,,12008040,1,THK,THEFT OTHER,07U,2012-10-14,2012-10-13,2220,2012-10-13,2225,72,893156.39199999999,503434.00900000002
1231 DICKINSON DR,MT 101,12008305,1,THK,THEFT OTHER,07U,2012-10-22,2012-10-21,2300,2012-10-22,0715,72,893156.39199999999,503434.00900000002
1311 MILLER DR,,12008842,1,THK,THEFT OTHER,07U,2012-11-08,2012-10-08,1200,2012-11-08,0900,10,893159.37199999997,504798.79599999997
1306 STANFORD DR,,12008854,1,THK,THEFT OTHER,07U,2012-11-08,2012-11-08,1430,2012-11-08,1500,878,893889.96,504561.56300000002
1231 DICKINSON DR,,12009604,1,THK,THEFT OTHER,07U,2012-12-04,2012-12-04,1000,2012-12-04,1800,72,893156.39199999999,503434.00900000002
1211 DICKINSON DR,,12009608,1,THK,THEFT OTHER,07U,2012-12-04,2012-12-04,0025,2012-12-04,0030,67,893671.82799999998,503718.77100000001
1531 LIGURIA AV,4,12007840,2,THM,THEFT FROM BURGLARY,07U,2012-10-08,2012-10-06,1500,2012-10-07,1600,395,893809.59,504742.57400000002
1231 DICKINSON DR,MT 1206,12009525,2,THM,THEFT FROM BURGLARY,07U,2012-12-01,2012-11-10,0300,2012-11-10,1000,70,893261.76699999999,503552.82699999999
1101 STANFORD DR,702,12009645,2,THM,THEFT FROM BURGLARY,07U,2012-12-05,2012-12-04,1930,2012-12-04,2100,,,
5185 PONCE DE LEON BLVD,646,12009646,2,THM,THEFT FROM BURGLARY,07U,2012-12-05,2012-12-04,0200,2012-12-04,2100,,,
5185 PONCE DE LEON BLVD,PRC 519,12009745,2,THM,THEFT FROM BURGLARY,07U,2012-12-09,2012-12-08,2300,2012-12-09,1630,130,895341.32,504085.989
1301 MEMORIAL DR,,12007679,1,TVE,THEFT OF BICYCLE,07U,2012-10-02,2012-10-02,1200,2012-10-02,1700,7,893366.68200000003,505369.12400000001
1231 DICKINSON DR,PT 113,12007864,2,TVE,THEFT OF BICYCLE,07U,2012-10-09,2012-10-08,0830,2012-10-08,1930,71,893300.82700000005,503382.65600000002
1306 STANFORD DR,,12008291,1,TVE,THEFT OF BICYCLE,07U,2012-10-21,2012-10-21,1305,2012-10-21,1800,431,894146.33499999996,504536.40500000003
1311 MILLER DR,,12008551,1,TVE,THEFT OF BICYCLE,07U,2012-10-29,2012-10-26,1800,2012-10-27,1800,332,893495.22900000005,504757.609
1231 DICKINSON DR,,12008730,1,TVE,THEFT OF BICYCLE,07U,2012-11-04,2012-11-04,1215,2012-11-04,2230,141,893334.79399999999,503476.30300000001
5501 SAN AMARO DR,,12008889,1,TVE,THEFT OF BICYCLE,07U,2012-11-09,2012-11-08,1400,2012-11-08,2000,155,892917.30500000005,504103.12199999997
5665 PONCE DE LEON BLVD,,12009670,1,TVE,THEFT OF BICYCLE,07U,2012-12-06,2012-11-27,0730,2012-12-06,1430,122,892871.05299999996,501865.95600000001
1252 MEMORIAL DR,,12010082,1,TVE,THEFT OF BICYCLE,07U,2012-12-21,2012-12-21,0650,2012-12-21,1400,482,893511.74199999997,505436.21600000001
1590 SCODELLA AV,,12008553,1,VAA,VANDALISM TO STRUCTURE,07U,2012-10-29,2012-10-27,0600,2012-10-27,2359,,,
1241 DICKINSON DR,,12010168,1,VAA,VANDALISM TO STRUCTURE,07U,2012-12-26,2012-12-24,1800,2012-12-26,0119,,,
1252 MEMORIAL DR,,12010207,1,VAA,VANDALISM TO STRUCTURE,07U,2012-12-27,2012-12-27,1928,2012-12-27,1928,,,
1244 STANFORD DR,,12007972,1,VAB,VANDALISM TO VEHICLE,07U,2012-10-12,2012-10-10,0730,2012-10-10,1730,,,
6300 SAN AMARO DR,,12008478,1,VAB,VANDALISM TO VEHICLE,07U,2012-10-26,2012-10-25,2200,2012-10-26,1200,,,
5501 SAN AMARO DR,,12009752,1,VAB,VANDALISM TO VEHICLE,07U,2012-12-09,2012-12-09,1500,2012-12-09,2210,,,
1311 MILLER DR,,12008842,2,VAC,VANDALISM TO PROPERTY,07U,2012-11-08,2012-10-08,1200,2012-11-08,0900,12,893271.02899999998,504868.64199999999
5501 SAN AMARO DR,,12008907,1,VAC,VANDALISM TO PROPERTY,07U,2012-11-10,2012-11-10,0900,2012-11-10,0900,40,892874.24300000002,503990.27299999999
5800 SAN AMARO DR,,12009163,1,VAC,VANDALISM TO PROPERTY,07U,2012-11-18,2012-11-17,2300,2012-11-18,0721,,,
1530 LIGURIA AV,,12009201,1,VAC,VANDALISM TO PROPERTY,07U,2012-11-19,2012-11-17,2300,2012-11-18,0200,,,
1300 MEMORIAL DR,,12007673,1,VEI,VEHICLE PARKING OFFENSE / SCOFF LAW,07U,2012-10-02,2012-10-02,0000,2012-10-02,0000,,,
1550 BRESCIA AV,,12007759,1,VEI,VEHICLE PARKING OFFENSE / SCOFF LAW,07U,2012-10-05,2012-10-05,0000,2012-10-05,0000,,,
5185 PONCE DE LEON BLVD,,12007763,1,VEI,VEHICLE PARKING OFFENSE / SCOFF LAW,07U,2012-10-05,2012-10-05,0000,2012-10-05,0000,,,
5100 BRUNSON DR,,12007872,1,VEI,VEHICLE PARKING OFFENSE / SCOFF LAW,07U,2012-10-09,2012-10-09,0000,2012-10-09,0000,,,
1500 LEVANTE AV,BLK,12007903,1,VEI,VEHICLE PARKING OFFENSE / SCOFF LAW,07U,2012-10-10,2012-10-10,0000,2012-10-10,0000,,,
1301 STANFORD DR,,12007905,1,VEI,VEHICLE PARKING OFFENSE / SCOFF LAW,07U,2012-10-10,2012-10-10,0000,2012-10-10,0000,,,
1300 MEMORIAL DR,,12007906,1,VEI,VEHICLE PARKING OFFENSE / SCOFF LAW,07U,2012-10-10,2012-10-10,0000,2012-10-10,0000,,,
5801 SAN AMARO DR,,12007974,1,VEI,VEHICLE PARKING OFFENSE / SCOFF LAW,07U,2012-10-12,2012-10-12,0000,2012-10-12,0000,,,
1400 URBINO AV,,12008053,1,VEI,VEHICLE PARKING OFFENSE / SCOFF LAW,07U,2012-10-15,2012-10-15,0000,2012-10-15,0000,,,
1211 DICKINSON DR,,12008092,1,VEI,VEHICLE PARKING OFFENSE / SCOFF LAW,07U,2012-10-16,2012-10-16,0000,2012-10-16,0000,,,
5801 SAN AMARO DR,,12008110,1,VEI,VEHICLE PARKING OFFENSE / SCOFF LAW,07U,2012-10-16,2012-10-16,0000,2012-10-16,0000,,,
1300 MEMORIAL DR,,12008165,1,VEI,VEHICLE PARKING OFFENSE / SCOFF LAW,07U,2012-10-18,2012-10-18,0000,2012-10-18,0000,,,
1241 DICKINSON DR,,12008166,1,VEI,VEHICLE PARKING OFFENSE / SCOFF LAW,07U,2012-10-18,2012-10-18,0000,2012-10-18,0000,,,
1300 MEMORIAL DR,,12008210,1,VEI,VEHICLE PARKING OFFENSE / SCOFF LAW,07U,2012-10-19,2012-10-19,0000,2012-10-19,0000,,,
5615 PAVIA ST,,12008364,1,VEI,VEHICLE PARKING OFFENSE / SCOFF LAW,07U,2012-10-24,2012-10-24,0000,2012-10-24,0000,,,
1300 MEMORIAL DR,,12008382,1,VEI,VEHICLE PARKING OFFENSE / SCOFF LAW,07U,2012-10-24,2012-10-24,0000,2012-10-24,0000,,,
1300 MEMORIAL DR,,12008419,1,VEI,VEHICLE PARKING OFFENSE / SCOFF LAW,07U,2012-10-25,2012-10-25,0000,2012-10-25,0000,,,
1241 DICKINSON DR,,12008424,1,VEI,VEHICLE PARKING OFFENSE / SCOFF LAW,07U,2012-10-25,2012-10-25,0000,2012-10-25,0000,,,
1500 LEVANTE AV,,12008540,1,VEI,VEHICLE PARKING OFFENSE / SCOFF LAW,07U,2012-10-29,2012-10-29,0000,2012-10-29,0000,,,
1300 MEMORIAL DR,,12008549,1,VEI,VEHICLE PARKING OFFENSE / SCOFF LAW,07U,2012-10-29,2012-10-29,0000,2012-10-29,0000,,,
5185 PONCE DE LEON BLVD,,12008594,1,VEI,VEHICLE PARKING OFFENSE / SCOFF LAW,07U,2012-10-31,2012-10-31,0000,2012-10-31,0000,,,
1300 CAMPO SANO AV,,12008598,1,VEI,VEHICLE PARKING OFFENSE / SCOFF LAW,07U,2012-10-31,2012-10-31,0000,2012-10-31,0000,,,
5200 BRUNSON DR,,12008634,1,VEI,VEHICLE PARKING OFFENSE / SCOFF LAW,07U,2012-11-01,2012-11-01,0000,2012-11-01,0000,,,
1300 MEMORIAL DR,,12008774,1,VEI,VEHICLE PARKING OFFENSE / SCOFF LAW,07U,2012-11-06,2012-11-06,0000,2012-11-06,0000,,,
1365 MEMORIAL DR,,12008776,1,VEI,VEHICLE PARKING OFFENSE / SCOFF LAW,07U,2012-11-06,2012-11-06,0000,2012-11-06,0000,,,
5513 GEORGE E MERRICK ST,,12008790,1,VEI,VEHICLE PARKING OFFENSE / SCOFF LAW,07U,2012-11-06,2012-11-06,0000,2012-11-06,0000,,,
5800 SAN AMARO DR,BLK,12008816,1,VEI,VEHICLE PARKING OFFENSE / SCOFF LAW,07U,2012-11-07,2012-11-07,0000,2012-11-07,0000,,,
6500 SAN AMARO DR,BLK,12008888,1,VEI,VEHICLE PARKING OFFENSE / SCOFF LAW,07U,2012-11-09,2012-11-09,0000,2012-11-09,0000,,,
1365 MEMORIAL DR,,12009024,1,VEI,VEHICLE PARKING OFFENSE / SCOFF LAW,07U,2012-11-13,2012-11-13,0000,2012-11-13,0000,,,
5665 PONCE DE LEON BLVD,,12009054,1,VEI,VEHICLE PARKING OFFENSE / SCOFF LAW,07U,2012-11-14,2012-11-14,0000,2012-11-14,0000,,,
5600 GEORGE E MERRICK ST,,12009077,1,VEI,VEHICLE PARKING OFFENSE / SCOFF LAW,07U,2012-11-15,2012-11-15,0000,2012-11-15,0000,,,
1300 MEMORIAL DR,,12009093,1,VEI,VEHICLE PARKING OFFENSE / SCOFF LAW,07U,2012-11-15,2012-11-15,0000,2012-11-15,0000,,,
1300 MEMORIAL DR,,12009115,1,VEI,VEHICLE PARKING OFFENSE / SCOFF LAW,07U,2012-11-16,2012-11-16,0000,2012-11-16,0000,,,
1200 DICKINSON DR,,12009198,1,VEI,VEHICLE PARKING OFFENSE / SCOFF LAW,07U,2012-11-19,2012-11-19,0000,2012-11-19,0000,,,
1223 DICKINSON DR,,12009200,1,VEI,VEHICLE PARKING OFFENSE / SCOFF LAW,07U,2012-11-19,2012-11-19,0000,2012-11-19,0000,,,
5050 BRUNSON DR,,12009227,1,VEI,VEHICLE PARKING OFFENSE / SCOFF LAW,07U,2012-11-20,2012-11-20,0000,2012-11-20,0000,,,
1300 MEMORIAL DR,,12009459,1,VEI,VEHICLE PARKING OFFENSE / SCOFF LAW,07U,2012-11-29,2012-11-29,0000,2012-11-29,0000,,,
1311 MILLER DR,,12009631,1,VEI,VEHICLE PARKING OFFENSE / SCOFF LAW,07U,2012-12-05,2012-12-05,0000,2012-12-05,0000,,,
1300 MEMORIAL DR,,12009664,1,VEI,VEHICLE PARKING OFFENSE / SCOFF LAW,07U,2012-12-06,2012-12-06,0000,2012-12-06,0000,,,
1300 MEMORIAL DR,,12009765,1,VEI,VEHICLE PARKING OFFENSE / SCOFF LAW,07U,2012-12-10,2012-12-10,0000,2012-12-10,0000,,,
5200 UNIVERSITY DR,,12009776,1,VEI,VEHICLE PARKING OFFENSE / SCOFF LAW,07U,2012-12-10,2012-12-10,0000,2012-12-10,0000,,,
1365 MEMORIAL DR,,12007717,1,VEL,VEHICLE TRAFFIC CRASH,07U,2012-10-04,2012-10-04,0000,2012-10-04,0000,,,
1300 CAMPO SANO AV,,12007745,1,VEL,VEHICLE TRAFFIC CRASH,07U,2012-10-04,2012-10-04,0000,2012-10-04,0000,,,
5665 PONCE DE LEON BLVD,,12007883,1,VEL,VEHICLE TRAFFIC CRASH,07U,2012-10-09,2012-10-09,0000,2012-10-09,0000,,,
1150 STANFORD DR/PONCE DE LEON BLVD,,12007995,1,VEL,VEHICLE TRAFFIC CRASH,07U,2012-10-12,2012-10-12,0000,2012-10-12,0000,,,
1306 STANFORD DR,,12008018,1,VEL,VEHICLE TRAFFIC CRASH,07U,2012-10-13,2012-10-13,0000,2012-10-13,0000,,,
1200 STANFORD DR,,12008094,1,VEL,VEHICLE TRAFFIC CRASH,07U,2012-10-16,2012-10-16,0000,2012-10-16,0000,,,
1111 MEMORIAL DR,,12008152,1,VEL,VEHICLE TRAFFIC CRASH,07U,2012-10-17,2012-10-17,0000,2012-10-17,0000,,,
1239 DICKINSON DR,,12008286,1,VEL,VEHICLE TRAFFIC CRASH,07U,2012-10-21,2012-10-21,0000,2012-10-21,0000,,,
5699 GEORGE E MERRICK ST/PONCE DE LEON BLVD,,12008321,1,VEL,VEHICLE TRAFFIC CRASH,07U,2012-10-22,2012-10-22,0000,2012-10-22,0000,,,
1549 S ALHAMBRA CIR/PONCE DE LEON BLVD,,12008445,1,VEL,VEHICLE TRAFFIC CRASH,07U,2012-10-25,2012-10-25,0000,2012-10-25,0000,,,
1150 STANFORD DR/PONCE DE LEON BLVD,,12008489,1,VEL,VEHICLE TRAFFIC CRASH,07U,2012-10-26,2012-10-26,0000,2012-10-26,0000,,,
1549 S ALHAMBRA CIR/PONCE DE LEON BLVD,,12008522,1,VEL,VEHICLE TRAFFIC CRASH,07U,2012-10-28,2012-10-28,0000,2012-10-28,0000,,,
5799 PONCE DE LEON BLVD/SAN AMARO DR,,12008622,1,VEL,VEHICLE TRAFFIC CRASH,07U,2012-11-01,2012-11-01,0000,2012-11-01,0000,,,
5665 PONCE DE LEON BLVD,,12008665,1,VEL,VEHICLE TRAFFIC CRASH,07U,2012-11-02,2012-11-02,0000,2012-11-02,0000,,,
1300 CAMPO SANO AV,,12008861,1,VEL,VEHICLE TRAFFIC CRASH,07U,2012-11-08,2012-11-08,0000,2012-11-08,0000,,,
1244 STANFORD DR,,12008869,1,VEL,VEHICLE TRAFFIC CRASH,07U,2012-11-09,2012-11-09,0000,2012-11-09,0000,,,
6399 RED RD/BRESCIA AV,,12009034,1,VEL,VEHICLE TRAFFIC CRASH,07U,2012-11-13,2012-11-13,0000,2012-11-13,0000,,,
5665 PONCE DE LEON BLVD,,12009048,1,VEL,VEHICLE TRAFFIC CRASH,07U,2012-11-14,2012-11-14,0000,2012-11-14,0000,,,
5200 UNIVERSITY DR,BLK,12009232,1,VEL,VEHICLE TRAFFIC CRASH,07U,2012-11-20,2012-11-20,0000,2012-11-20,0000,469,894317.33100000001,504519.25799999997
5799 PONCE DE LEON BLVD/SAN AMARO DR,,12009467,1,VEL,VEHICLE TRAFFIC CRASH,07U,2012-11-29,2012-11-29,0000,2012-11-29,0000,,,
1306 STANFORD DR,,12009584,1,VEL,VEHICLE TRAFFIC CRASH,07U,2012-12-04,2012-12-04,0000,2012-12-04,0000,,,
1399 MEMORIAL DR/SAN AMARO DR,,12009620,1,VEL,VEHICLE TRAFFIC CRASH,07U,2012-12-05,2012-12-05,0000,2012-12-05,0000,286,892974.94400000002,504967.70199999999
1300 CAMPO SANO AV,BLK,12009721,1,VEL,VEHICLE TRAFFIC CRASH,07U,2012-12-08,2012-12-08,0000,2012-12-08,0000,,,
5399 PONCE DE LEON BLVD/DICKINSON DR,,12009794,1,VEL,VEHICLE TRAFFIC CRASH,07U,2012-12-11,2012-12-11,0000,2012-12-11,0000,,,
1301 STANFORD DR,,12009813,1,VEL,VEHICLE TRAFFIC CRASH,07U,2012-12-11,2012-12-11,0000,2012-12-11,0000,,,
5199 PONCE DE LEON BLVD/STANFORD DR,,12009857,1,VEL,VEHICLE TRAFFIC CRASH,07U,2012-12-13,2012-12-13,0000,2012-12-13,0000,,,
6599 SAN AMARO DR/PONCE DE LEON BLVD,,12009864,1,VEL,VEHICLE TRAFFIC CRASH,07U,2012-12-13,2012-12-13,0000,2012-12-13,0000,,,
1599 BRESCIA AV/RED RD,,12009922,1,VEL,VEHICLE TRAFFIC CRASH,07U,2012-12-15,2012-12-15,0000,2012-12-15,0000,,,
5399 PONCE DE LEON BLVD/DICKINSON DR,,12009945,1,VEL,VEHICLE TRAFFIC CRASH,07U,2012-12-16,2012-12-16,0000,2012-12-16,0000,,,
1245 DAUER DR,,12008248,2,XOM,OBSTRUCTION OF JUSTICE / RESIST ARREST / ESCAPE,07U,2012-10-19,2012-10-19,2315,2012-10-19,2325,,,
5185 PONCE DE LEON BLVD,646,12009646,2,XOM,OBSTRUCTION OF JUSTICE / RESIST ARREST / ESCAPE,07U,2012-12-05,2012-12-04,0200,2012-12-04,2100,,,
5665 PONCE DE LEON BLVD,,12007729,1,XOO,EXTORTION / BLACKMAIL,07U,2012-10-04,2012-10-04,1125,2012-10-04,1130,,,
5185 PONCE DE LEON BLVD,210,12008333,1,XOO,EXTORTION / BLACKMAIL,07U,2012-10-22,2012-10-11,0217,2012-10-22,1223,,,
5600 GEORGE E MERRICK ST,R15,12007646,1,ZOA,TRESPASS WARNING,07U,2012-10-01,2012-10-01,1600,2012-10-01,1650,55,894213.16599999997,503867.28399999999
5821 SAN AMARO DR,,12007677,1,ZOA,TRESPASS WARNING,07U,2012-10-02,2012-10-02,1624,2012-10-02,1625,,,
1300 MEMORIAL DR,,12007911,1,ZOA,TRESPASS WARNING,07U,2012-10-10,2012-10-10,1314,2012-10-10,1314,,,
5821 SAN AMARO DR,,12008045,1,ZOA,TRESPASS WARNING,07U,2012-10-14,2012-10-14,2318,2012-10-14,2318,,,
1550 BRESCIA AV,,12008102,2,ZOA,TRESPASS WARNING,07U,2012-10-16,2012-10-16,1224,2012-10-16,1224,238,891786.47600000002,501402.777
1245 DAUER DR,,12008604,1,ZOA,TRESPASS WARNING,07U,2012-10-31,2012-10-31,1308,2012-10-31,1308,,,
1241 DICKINSON DR,,12008642,2,ZOA,TRESPASS WARNING,07U,2012-11-01,2012-11-01,1528,2012-11-01,1528,,,
1306 STANFORD DR,,12008706,1,ZOA,TRESPASS WARNING,07U,2012-11-03,2012-11-03,1413,2012-11-03,1413,,,
1204 DICKINSON DR,37B,12008761,2,ZOA,TRESPASS WARNING,07U,2012-11-06,2012-09-15,0900,2012-11-05,1650,,,
5821 SAN AMARO DR,,12009094,1,ZOA,TRESPASS WARNING,07U,2012-11-15,2012-11-15,1726,2012-11-15,1726,,,
1231 DICKINSON DR,,12009102,1,ZOA,TRESPASS WARNING,07U,2012-11-16,2012-11-16,0030,2012-11-16,0100,865,893063.45700000005,503573.89799999999
1306 STANFORD DR,BLK,12009108,1,ZOA,TRESPASS WARNING,07U,2012-11-16,2012-11-16,0652,2012-11-16,0652,,,
5821 SAN AMARO DR,,12009443,1,ZOA,TRESPASS WARNING,07U,2012-11-28,2012-11-28,1410,2012-11-28,1422,,,
5185 PONCE DE LEON BLVD,,12009575,2,ZOA,TRESPASS WARNING,07U,2012-12-03,2012-12-03,2006,2012-12-03,2007,607,895367.09600000002,504128.28899999999
1300 MEMORIAL DR,,12009642,1,ZOA,TRESPASS WARNING,07U,2012-12-05,2012-12-05,1430,2012-12-05,1635,,,
5185 PONCE DE LEON BLVD,646,12009646,2,ZOA,TRESPASS WARNING,07U,2012-12-05,2012-12-04,0200,2012-12-04,2100,,,
5030 BRUNSON DR,,12009972,1,ZOA,TRESPASS WARNING,07U,2012-12-17,2012-12-17,1512,2012-12-17,1512,,,
1290 CAMPO SANO AV,,12010148,1,ZOA,TRESPASS WARNING,07U,2012-12-24,2012-12-24,0755,2012-12-24,0805,,,
1400 TRILLO AV,BLK,12008042,1,ZOB,WARRANT ARREST,07U,2012-10-14,2012-10-14,1605,2012-10-14,1610,,,
1306 STANFORD DR,,12007698,1,ZOD,INCIDENT REPORT,07U,2012-10-03,2012-10-03,1330,2012-10-03,1330,877,893741.54099999997,504436.81800000003
5600 GEORGE E MERRICK ST,,12007937,1,ZOD,INCIDENT REPORT,07U,2012-10-11,2012-10-11,1122,2012-10-11,1130,,,
1231 DICKINSON DR,122,12009479,1,ZOD,INCIDENT REPORT,07U,2012-11-29,2012-11-27,0045,2012-11-27,0600,,,
1241 DICKINSON DR,,12009572,1,ZOD,INCIDENT REPORT,07U,2012-12-03,2012-12-03,1412,2012-12-03,1512,,,
1244 STANFORD DR,,12007693,1,ZOE,SUSPICIOUS INCIDENT,07U,2012-10-03,2012-10-02,0500,2012-10-03,0600,45,895022.70700000005,504471.212
5565 PONCE DE LEON BLVD,,12008014,1,ZOE,SUSPICIOUS INCIDENT,07U,2012-10-13,2012-10-12,1144,2012-10-12,1144,,,
1252 MEMORIAL DR,158,12008632,1,ZOE,SUSPICIOUS INCIDENT,07U,2012-11-01,2012-11-01,1110,2012-11-01,1110,,,
1241 DICKINSON DR,102A,12008963,1,ZOE,SUSPICIOUS INCIDENT,07U,2012-11-12,2012-11-12,0733,2012-11-12,0742,81,892858.31700000004,503002.52299999999
1301 MEMORIAL DR,RM:154,12009276,1,ZOE,SUSPICIOUS INCIDENT,07U,2012-11-21,2012-11-20,1620,2012-11-20,1620,,,
1525 ALBENGA AV,,12009310,1,ZOE,SUSPICIOUS INCIDENT,07U,2012-11-22,2012-11-21,0900,2012-11-22,1200,,,
1314 MILLER DR,,12010030,2,ZOE,SUSPICIOUS INCIDENT,07U,2012-12-19,2012-12-19,1511,2012-12-19,1511,,,
5600 GEORGE E MERRICK ST,R19,12007628,1,ZOJ,BAKER / MARCHMAN ACT,07U,2012-10-01,2012-10-01,1205,2012-10-01,1236,55,894213.16599999997,503867.28399999999
5600 GEORGE E MERRICK ST,R15,12007646,2,ZOJ,BAKER / MARCHMAN ACT,07U,2012-10-01,2012-10-01,1600,2012-10-01,1650,55,894213.16599999997,503867.28399999999
5801 SAN AMARO DR,,12008722,1,ZOJ,BAKER / MARCHMAN ACT,07U,2012-11-04,2012-11-04,1022,2012-11-04,1022,686,892449.272,503180.66100000002
1231 DICKINSON DR,,12007713,1,ZOM,INTOXICATED PERSON,07U,2012-10-04,2012-10-04,0600,2012-10-04,0610,,,
5202 UNIVERSITY DR,,12007746,1,ZOM,INTOXICATED PERSON,07U,2012-10-04,2012-10-04,1700,2012-10-04,2100,570,894497.25300000003,504864.62800000003
5185 PONCE DE LEON BLVD,,12008006,2,ZOM,INTOXICATED PERSON,07U,2012-10-13,2012-10-13,0341,2012-10-13,0342,131,895221.08200000005,503966.17599999998
1241 DICKINSON DR,REAR,12008034,1,ZOM,INTOXICATED PERSON,07U,2012-10-14,2012-10-14,0205,2012-10-14,0207,,,
1200 DICKINSON DR,BLK,12008244,1,ZOM,INTOXICATED PERSON,07U,2012-10-19,2012-10-19,2225,2012-10-19,2233,,,
1245 DAUER DR,,12008245,1,ZOM,INTOXICATED PERSON,07U,2012-10-19,2012-10-19,2226,2012-10-19,2227,,,
1231 DICKINSON DR,PT 918,12008246,2,ZOM,INTOXICATED PERSON,07U,2012-10-19,2012-10-19,2230,2012-10-19,2230,,,
1231 DICKINSON DR,,12008250,1,ZOM,INTOXICATED PERSON,07U,2012-10-20,2012-10-20,0032,2012-10-20,0056,,,
1245 DAUER DR,,12008253,1,ZOM,INTOXICATED PERSON,07U,2012-10-20,2012-10-20,0005,2012-10-20,0005,,,
1200 DICKINSON DR,BLK,12008254,1,ZOM,INTOXICATED PERSON,07U,2012-10-20,2012-10-20,0120,2012-10-20,0120,,,
5185 PONCE DE LEON BLVD,,12008718,1,ZOM,INTOXICATED PERSON,07U,2012-11-04,2012-11-04,0131,2012-11-04,0131,,,
1239 DICKINSON DR,,12008904,1,ZOM,INTOXICATED PERSON,07U,2012-11-10,2012-11-10,0130,2012-11-10,0135,,,
1239 DICKINSON DR,,12008936,1,ZOM,INTOXICATED PERSON,07U,2012-11-11,2012-11-10,2330,2012-11-11,0130,,,
1211 DICKINSON DR,,12009619,1,ZOM,INTOXICATED PERSON,07U,2012-12-05,2012-12-05,0220,2012-12-05,0221,,,
1300 STANFORD DR,BLK,12007622,2,ZOQ,ULEAD,07U,2012-10-01,2012-10-01,0818,2012-10-01,0818,,,
1231 DICKINSON DR,,12007653,1,ZOQ,ULEAD,07U,2012-10-01,2012-10-01,2320,2012-10-01,2320,70,893261.76699999999,503552.82699999999
1239 DICKINSON DR,WT708,12007930,1,ZOQ,ULEAD,07U,2012-10-10,2012-10-10,2100,2012-10-10,2245,74,892974.25199999998,503706.15500000003
1231 DICKINSON DR,M412,12008047,1,ZOQ,ULEAD,07U,2012-10-15,2012-10-15,0040,2012-10-15,0040,,,
1239 DICKINSON DR,WT318,12008121,1,ZOQ,ULEAD,07U,2012-10-16,2012-10-16,2030,2012-10-16,2040,,,
1239 DICKINSON DR,,12008122,1,ZOQ,ULEAD,07U,2012-10-17,2012-10-16,1800,2012-10-16,1934,,,
1200 DICKINSON DR,BLK,12008254,2,ZOQ,ULEAD,07U,2012-10-20,2012-10-20,0120,2012-10-20,0120,,,
1241 DICKINSON DR,,12008323,1,ZOQ,ULEAD,07U,2012-10-22,2012-10-22,1531,2012-10-22,1545,,,
1231 DICKINSON DR,MT1210,12008446,1,ZOQ,ULEAD,07U,2012-10-25,2012-10-25,2200,2012-10-25,2205,,,
1239 DICKINSON DR,WT207,12009104,1,ZOQ,ULEAD,07U,2012-11-16,2012-11-16,0145,2012-11-16,0205,74,892974.25199999998,503706.15500000003
1239 DICKINSON DR,,12009132,1,ZOQ,ULEAD,07U,2012-11-16,2012-11-16,1815,2012-11-16,1820,,,
1300 STANFORD DR,BLK,12009150,1,ZOQ,ULEAD,07U,2012-11-17,2012-11-17,1700,2012-11-17,1700,,,
1300 STANFORD DR,,12009151,1,ZOQ,ULEAD,07U,2012-11-17,2012-11-17,1700,2012-11-17,1700,,,
5185 PONCE DE LEON BLVD,237,12009177,1,ZOQ,ULEAD,07U,2012-11-18,2012-11-18,2116,2012-11-18,2116,,,
1239 DICKINSON DR,WT506,12009216,1,ZOQ,ULEAD,07U,2012-11-19,2012-11-19,1755,2012-11-19,1756,74,892974.25199999998,503706.15500000003
1570 LIGURIA AV,105A,12009217,1,ZOQ,ULEAD,07U,2012-11-19,2012-11-19,1845,2012-11-19,1845,102,891475.59199999995,501707.87099999998
1570 LIGURIA AV,UV 7-311,12009221,1,ZOQ,ULEAD,07U,2012-11-19,2012-11-19,2220,2012-11-19,2240,102,891475.59199999995,501707.87099999998
1239 DICKINSON DR,WT804,12009256,1,ZOQ,ULEAD,07U,2012-11-21,2012-11-21,0050,2012-11-21,0120,74,892974.25199999998,503706.15500000003
1239 DICKINSON DR,W404,12009297,1,ZOQ,ULEAD,07U,2012-11-21,2012-11-21,2030,2012-11-21,2030,74,892974.25199999998,503706.15500000003
1507 LEVANTE AV,,13000140,2,FRL,FRAUD OTHER JURISDICTION,07U,2013-01-08,2012-12-17,1200,2012-12-17,1600,95,891853.24100000004,501275.31300000002
1507 LEVANTE AV,,13000140,1,THF,THEFT FROM STRUCTURE  WITH LEGAL ACCESS / PUBLIC BUILDING,07U,2013-01-08,2012-12-17,1200,2012-12-17,1600,95,891853.24100000004,501275.31300000002
